

Microchip MPLAB XC8 Assembler V3.10 build 20250813170317 
                                                                                               Mon Nov 24 17:05:34 2025

Microchip MPLAB XC8 C Compiler v3.10 (Free license) build 20250813170317 Og1 
     1                           	processor	16F877A
     2                           	pagewidth 120
     3                           	opt	flic
     4                           	psect	strings,global,class=STRING,space=0,delta=2,noexec
     5                           	psect	cinit,global,class=CODE,space=0,merge=1,delta=2
     6                           	psect	bssCOMMON,global,class=COMMON,space=1,delta=1,noexec
     7                           	psect	bssBANK0,global,class=BANK0,space=1,delta=1,noexec
     8                           	psect	bssBANK1,global,class=BANK1,space=1,delta=1,noexec
     9                           	psect	clrtext,global,class=CODE,space=0,delta=2
    10                           	psect	cstackBANK1,global,class=BANK1,space=1,delta=1,noexec
    11                           	psect	cstackCOMMON,global,class=COMMON,space=1,delta=1,noexec
    12                           	psect	cstackBANK0,global,class=BANK0,space=1,delta=1,noexec
    13                           	psect	maintext,global,class=CODE,space=0,split=1,delta=2
    14                           	psect	text1,local,class=CODE,space=0,merge=1,delta=2
    15                           	psect	text2,local,class=CODE,space=0,merge=1,delta=2
    16                           	psect	text3,local,class=CODE,space=0,merge=1,delta=2
    17                           	psect	text4,local,class=CODE,space=0,merge=1,delta=2
    18                           	psect	text5,local,class=CODE,space=0,merge=1,delta=2
    19                           	psect	text6,local,class=CODE,space=0,merge=1,delta=2
    20                           	psect	text7,local,class=CODE,space=0,merge=1,delta=2
    21                           	psect	text8,local,class=CODE,space=0,merge=1,delta=2,group=3
    22                           	psect	text9,local,class=CODE,space=0,merge=1,delta=2,group=1
    23                           	psect	text10,local,class=CODE,space=0,merge=1,delta=2,group=1
    24                           	psect	text11,local,class=CODE,space=0,merge=1,delta=2,group=1
    25                           	psect	text12,local,class=CODE,space=0,merge=1,delta=2,group=1
    26                           	psect	text13,local,class=CODE,space=0,merge=1,delta=2,group=3
    27                           	psect	text14,local,class=CODE,space=0,merge=1,delta=2,group=3
    28                           	psect	text15,local,class=CODE,space=0,merge=1,delta=2,group=3
    29                           	psect	text16,local,class=CODE,space=0,merge=1,delta=2,group=2
    30                           	psect	text17,local,class=CODE,space=0,merge=1,delta=2,group=2
    31                           	psect	text18,local,class=CODE,space=0,merge=1,delta=2,group=1
    32                           	psect	text19,local,class=CODE,space=0,merge=1,delta=2,group=2
    33                           	psect	text20,local,class=CODE,space=0,merge=1,delta=2
    34                           	psect	text21,local,class=CODE,space=0,merge=1,delta=2
    35                           	psect	text22,local,class=CODE,space=0,merge=1,delta=2,group=2
    36                           	psect	text23,local,class=CODE,space=0,merge=1,delta=2,group=2
    37                           	psect	text24,local,class=CODE,space=0,merge=1,delta=2
    38                           	psect	text25,local,class=CODE,space=0,merge=1,delta=2
    39                           	psect	text26,local,class=CODE,space=0,merge=1,delta=2
    40                           	psect	text27,local,class=CODE,space=0,merge=1,delta=2
    41                           	psect	text28,local,class=CODE,space=0,merge=1,delta=2
    42                           	psect	text29,local,class=CODE,space=0,merge=1,delta=2
    43                           	psect	intentry,global,class=CODE,space=0,delta=2
    44                           	psect	config,global,abs,ovrld,class=CONFIG,space=4,delta=2,noexec
    45                           	dabs	1,0x7E,2
    46     0000                     
    47                           ; Version 2.20
    48                           ; Generated 12/02/2020 GMT
    49                           ; 
    50                           ; Copyright © 2020, Microchip Technology Inc. and its subsidiaries ("Microchip")
    51                           ; All rights reserved.
    52                           ; 
    53                           ; This software is developed by Microchip Technology Inc. and its subsidiaries ("Microch
      +                          ip").
    54                           ; 
    55                           ; Redistribution and use in source and binary forms, with or without modification, are
    56                           ; permitted provided that the following conditions are met:
    57                           ; 
    58                           ;     1. Redistributions of source code must retain the above copyright notice, this lis
      +                          t of
    59                           ;        conditions and the following disclaimer.
    60                           ; 
    61                           ;     2. Redistributions in binary form must reproduce the above copyright notice, this 
      +                          list
    62                           ;        of conditions and the following disclaimer in the documentation and/or other
    63                           ;        materials provided with the distribution.
    64                           ; 
    65                           ;     3. Microchip's name may not be used to endorse or promote products derived from th
      +                          is
    66                           ;        software without specific prior written permission.
    67                           ; 
    68                           ; THIS SOFTWARE IS PROVIDED BY MICROCHIP "AS IS" AND ANY EXPRESS OR IMPLIED WARRANTIES,
    69                           ; INCLUDING, BUT NOT LIMITED TO, THE IMPLIED WARRANTIES OF MERCHANTABILITY AND FITNESS F
      +                          OR
    70                           ; PURPOSE ARE DISCLAIMED.  IN NO EVENT SHALL MICROCHIP BE LIABLE FOR ANY DIRECT, INDIREC
      +                          T,
    71                           ; INCIDENTAL, SPECIAL, EXEMPLARY, OR CONSEQUENTIAL DAMAGES (INCLUDING BUT NOT LIMITED TO
    72                           ; PROCUREMENT OF SUBSTITUTE GOODS OR SERVICES; LOSS OF USE, DATA OR PROFITS; OR BUSINESS
    73                           ; INTERRUPTION) HOWSOEVER CAUSED AND ON ANY THEORY OF LIABILITY, WHETHER IN CONTRACT, ST
      +                          RICT
    74                           ; LIABILITY, OR TORT (INCLUDING NEGLIGENCE OR OTHERWISE) ARISING IN ANY WAY OUT OF THE U
      +                          SE OF
    75                           ; THIS SOFTWARE, EVEN IF ADVISED OF THE POSSIBILITY OF SUCH DAMAGE.
    76                           ; 
    77                           ; 
    78                           ; Code-generator required, PIC16F877A Definitions
    79                           ; 
    80                           ; SFR Addresses
    81     0004                     fsr             equ	4
    82     0004                     fsr0            equ	4
    83     0000                     indf            equ	0
    84     0000                     indf0           equ	0
    85     0002                     pc              equ	2
    86     0002                     pcl             equ	2
    87     000A                     pclath          equ	10
    88     0003                     status          equ	3
    89     0000                     INDF            equ	0	;# 
    90     0001                     TMR0            equ	1	;# 
    91     0002                     PCL             equ	2	;# 
    92     0003                     STATUS          equ	3	;# 
    93     0004                     FSR             equ	4	;# 
    94     0005                     PORTA           equ	5	;# 
    95     0006                     PORTB           equ	6	;# 
    96     0007                     PORTC           equ	7	;# 
    97     0008                     PORTD           equ	8	;# 
    98     0009                     PORTE           equ	9	;# 
    99     000A                     PCLATH          equ	10	;# 
   100     000B                     INTCON          equ	11	;# 
   101     000C                     PIR1            equ	12	;# 
   102     000D                     PIR2            equ	13	;# 
   103     000E                     TMR1            equ	14	;# 
   104     000E                     TMR1L           equ	14	;# 
   105     000F                     TMR1H           equ	15	;# 
   106     0010                     T1CON           equ	16	;# 
   107     0011                     TMR2            equ	17	;# 
   108     0012                     T2CON           equ	18	;# 
   109     0013                     SSPBUF          equ	19	;# 
   110     0014                     SSPCON          equ	20	;# 
   111     0015                     CCPR1           equ	21	;# 
   112     0015                     CCPR1L          equ	21	;# 
   113     0016                     CCPR1H          equ	22	;# 
   114     0017                     CCP1CON         equ	23	;# 
   115     0018                     RCSTA           equ	24	;# 
   116     0019                     TXREG           equ	25	;# 
   117     001A                     RCREG           equ	26	;# 
   118     001B                     CCPR2           equ	27	;# 
   119     001B                     CCPR2L          equ	27	;# 
   120     001C                     CCPR2H          equ	28	;# 
   121     001D                     CCP2CON         equ	29	;# 
   122     001E                     ADRESH          equ	30	;# 
   123     001F                     ADCON0          equ	31	;# 
   124     0081                     OPTION_REG      equ	129	;# 
   125     0085                     TRISA           equ	133	;# 
   126     0086                     TRISB           equ	134	;# 
   127     0087                     TRISC           equ	135	;# 
   128     0088                     TRISD           equ	136	;# 
   129     0089                     TRISE           equ	137	;# 
   130     008C                     PIE1            equ	140	;# 
   131     008D                     PIE2            equ	141	;# 
   132     008E                     PCON            equ	142	;# 
   133     0091                     SSPCON2         equ	145	;# 
   134     0092                     PR2             equ	146	;# 
   135     0093                     SSPADD          equ	147	;# 
   136     0094                     SSPSTAT         equ	148	;# 
   137     0098                     TXSTA           equ	152	;# 
   138     0099                     SPBRG           equ	153	;# 
   139     009C                     CMCON           equ	156	;# 
   140     009D                     CVRCON          equ	157	;# 
   141     009E                     ADRESL          equ	158	;# 
   142     009F                     ADCON1          equ	159	;# 
   143     010C                     EEDATA          equ	268	;# 
   144     010D                     EEADR           equ	269	;# 
   145     010E                     EEDATH          equ	270	;# 
   146     010F                     EEADRH          equ	271	;# 
   147     018C                     EECON1          equ	396	;# 
   148     018D                     EECON2          equ	397	;# 
   149     0000                     INDF            equ	0	;# 
   150     0001                     TMR0            equ	1	;# 
   151     0002                     PCL             equ	2	;# 
   152     0003                     STATUS          equ	3	;# 
   153     0004                     FSR             equ	4	;# 
   154     0005                     PORTA           equ	5	;# 
   155     0006                     PORTB           equ	6	;# 
   156     0007                     PORTC           equ	7	;# 
   157     0008                     PORTD           equ	8	;# 
   158     0009                     PORTE           equ	9	;# 
   159     000A                     PCLATH          equ	10	;# 
   160     000B                     INTCON          equ	11	;# 
   161     000C                     PIR1            equ	12	;# 
   162     000D                     PIR2            equ	13	;# 
   163     000E                     TMR1            equ	14	;# 
   164     000E                     TMR1L           equ	14	;# 
   165     000F                     TMR1H           equ	15	;# 
   166     0010                     T1CON           equ	16	;# 
   167     0011                     TMR2            equ	17	;# 
   168     0012                     T2CON           equ	18	;# 
   169     0013                     SSPBUF          equ	19	;# 
   170     0014                     SSPCON          equ	20	;# 
   171     0015                     CCPR1           equ	21	;# 
   172     0015                     CCPR1L          equ	21	;# 
   173     0016                     CCPR1H          equ	22	;# 
   174     0017                     CCP1CON         equ	23	;# 
   175     0018                     RCSTA           equ	24	;# 
   176     0019                     TXREG           equ	25	;# 
   177     001A                     RCREG           equ	26	;# 
   178     001B                     CCPR2           equ	27	;# 
   179     001B                     CCPR2L          equ	27	;# 
   180     001C                     CCPR2H          equ	28	;# 
   181     001D                     CCP2CON         equ	29	;# 
   182     001E                     ADRESH          equ	30	;# 
   183     001F                     ADCON0          equ	31	;# 
   184     0081                     OPTION_REG      equ	129	;# 
   185     0085                     TRISA           equ	133	;# 
   186     0086                     TRISB           equ	134	;# 
   187     0087                     TRISC           equ	135	;# 
   188     0088                     TRISD           equ	136	;# 
   189     0089                     TRISE           equ	137	;# 
   190     008C                     PIE1            equ	140	;# 
   191     008D                     PIE2            equ	141	;# 
   192     008E                     PCON            equ	142	;# 
   193     0091                     SSPCON2         equ	145	;# 
   194     0092                     PR2             equ	146	;# 
   195     0093                     SSPADD          equ	147	;# 
   196     0094                     SSPSTAT         equ	148	;# 
   197     0098                     TXSTA           equ	152	;# 
   198     0099                     SPBRG           equ	153	;# 
   199     009C                     CMCON           equ	156	;# 
   200     009D                     CVRCON          equ	157	;# 
   201     009E                     ADRESL          equ	158	;# 
   202     009F                     ADCON1          equ	159	;# 
   203     010C                     EEDATA          equ	268	;# 
   204     010D                     EEADR           equ	269	;# 
   205     010E                     EEDATH          equ	270	;# 
   206     010F                     EEADRH          equ	271	;# 
   207     018C                     EECON1          equ	396	;# 
   208     018D                     EECON2          equ	397	;# 
   209                           
   210                           	psect	strings
   211     0300                     __pstrings:
   212     0300                     stringtab:
   213     0300                     __stringtab:
   214                           
   215                           ;	String table - string pointers are 1 byte each
   216     0300  1BFF               	btfsc	btemp+1,7
   217     0301  2B0A               	ljmp	stringcode
   218     0302  1383               	bcf	3,7
   219     0303  187F               	btfsc	btemp+1,0
   220     0304  1783               	bsf	3,7
   221     0305  0800               	movf	0,w
   222     0306  0A84               	incf	4,f
   223     0307  1903               	skipnz
   224     0308  0AFF               	incf	btemp+1,f
   225     0309  0008               	return
   226     030A                     stringcode:
   227     030A                     stringdir:
   228     030A  3003               	movlw	high stringdir
   229     030B  008A               	movwf	10
   230     030C  0804               	movf	4,w
   231     030D  0A84               	incf	4,f
   232     030E  0782               	addwf	2,f
   233     030F                     __stringbase:
   234     030F  3400               	retlw	0
   235     0310                     __end_of__stringtab:
   236     0310                     main@T_ESTABILIZA:
   237     0310  3402               	retlw	2
   238     0311  3400               	retlw	0
   239     0312                     __end_ofmain@T_ESTABILIZA:
   240     0312                     main@T_MISTURA:
   241     0312  3402               	retlw	2
   242     0313  3400               	retlw	0
   243     0314                     __end_ofmain@T_MISTURA:
   244     0314                     main@T_EXTRA:
   245     0314  3402               	retlw	2
   246     0315  3400               	retlw	0
   247     0316                     __end_ofmain@T_EXTRA:
   248     0316                     main@T_PADRAO:
   249     0316  3402               	retlw	2
   250     0317  3400               	retlw	0
   251     0318                     __end_ofmain@T_PADRAO:
   252     0007                     _PORTCbits      set	7
   253     0006                     _PORTBbits      set	6
   254     0007                     _PORTC          set	7
   255     0008                     _PORTD          set	8
   256     001E                     _ADRESH         set	30
   257     001F                     _ADCON0bits     set	31
   258     0010                     _T1CONbits      set	16
   259     000F                     _TMR1H          set	15
   260     000E                     _TMR1L          set	14
   261     000C                     _PIR1bits       set	12
   262     000B                     _INTCONbits     set	11
   263     0043                     _RD3            set	67
   264     0042                     _RD2            set	66
   265     0047                     _RD7            set	71
   266     0046                     _RD6            set	70
   267     0045                     _RD5            set	69
   268     0044                     _RD4            set	68
   269     009E                     _ADRESL         set	158
   270     009F                     _ADCON1bits     set	159
   271     008C                     _PIE1bits       set	140
   272     0081                     _OPTION_REGbits set	129
   273     0087                     _TRISC          set	135
   274     0088                     _TRISD          set	136
   275     0086                     _TRISB          set	134
   276     0318                     STR_2:
   277     0318  3470               	retlw	112	;'p'
   278     0319  3448               	retlw	72	;'H'
   279     031A  343A               	retlw	58	;':'
   280     031B  3420               	retlw	32	;' '
   281     031C  3425               	retlw	37	;'%'
   282     031D  3475               	retlw	117	;'u'
   283     031E  342E               	retlw	46	;'.'
   284     031F  3425               	retlw	37	;'%'
   285     0320  3430               	retlw	48	;'0'
   286     0321  3432               	retlw	50	;'2'
   287     0322  3475               	retlw	117	;'u'
   288     0323  3420               	retlw	32	;' '
   289     0324  3420               	retlw	32	;' '
   290     0325  3420               	retlw	32	;' '
   291     0326  3420               	retlw	32	;' '
   292     0327  3420               	retlw	32	;' '
   293     0328  3420               	retlw	32	;' '
   294     0329  3420               	retlw	32	;' '
   295     032A  3420               	retlw	32	;' '
   296     032B  3420               	retlw	32	;' '
   297     032C  3420               	retlw	32	;' '
   298     032D  3420               	retlw	32	;' '
   299     032E  3420               	retlw	32	;' '
   300     032F  3420               	retlw	32	;' '
   301     0330  3400               	retlw	0
   302     0331                     STR_1:
   303     0331  3455               	retlw	85	;'U'
   304     0332  346D               	retlw	109	;'m'
   305     0333  3469               	retlw	105	;'i'
   306     0334  3464               	retlw	100	;'d'
   307     0335  3461               	retlw	97	;'a'
   308     0336  3464               	retlw	100	;'d'
   309     0337  3465               	retlw	101	;'e'
   310     0338  343A               	retlw	58	;':'
   311     0339  3420               	retlw	32	;' '
   312     033A  3425               	retlw	37	;'%'
   313     033B  3475               	retlw	117	;'u'
   314     033C  3420               	retlw	32	;' '
   315     033D  3425               	retlw	37	;'%'
   316     033E  3425               	retlw	37	;'%'
   317     033F  3420               	retlw	32	;' '
   318     0340  3420               	retlw	32	;' '
   319     0341  3420               	retlw	32	;' '
   320     0342  3420               	retlw	32	;' '
   321     0343  3420               	retlw	32	;' '
   322     0344  3400               	retlw	0
   323     0345                     STR_10:
   324     0345  3445               	retlw	69	;'E'
   325     0346  346E               	retlw	110	;'n'
   326     0347  3463               	retlw	99	;'c'
   327     0348  3468               	retlw	104	;'h'
   328     0349  3465               	retlw	101	;'e'
   329     034A  346E               	retlw	110	;'n'
   330     034B  3464               	retlw	100	;'d'
   331     034C  346F               	retlw	111	;'o'
   332     034D  3420               	retlw	32	;' '
   333     034E  344E               	retlw	78	;'N'
   334     034F  3469               	retlw	105	;'i'
   335     0350  3476               	retlw	118	;'v'
   336     0351  3465               	retlw	101	;'e'
   337     0352  346C               	retlw	108	;'l'
   338     0353  3420               	retlw	32	;' '
   339     0354  3420               	retlw	32	;' '
   340     0355  3420               	retlw	32	;' '
   341     0356  3420               	retlw	32	;' '
   342     0357  3400               	retlw	0
   343     0358                     STR_12:
   344     0358  3454               	retlw	84	;'T'
   345     0359  3465               	retlw	101	;'e'
   346     035A  346D               	retlw	109	;'m'
   347     035B  3470               	retlw	112	;'p'
   348     035C  346F               	retlw	111	;'o'
   349     035D  343A               	retlw	58	;':'
   350     035E  3420               	retlw	32	;' '
   351     035F  3431               	retlw	49	;'1'
   352     0360  3430               	retlw	48	;'0'
   353     0361  3473               	retlw	115	;'s'
   354     0362  3420               	retlw	32	;' '
   355     0363  3420               	retlw	32	;' '
   356     0364  3420               	retlw	32	;' '
   357     0365  3420               	retlw	32	;' '
   358     0366  3420               	retlw	32	;' '
   359     0367  3420               	retlw	32	;' '
   360     0368  3400               	retlw	0
   361     0369                     STR_9:
   362     0369  3442               	retlw	66	;'B'
   363     036A  346F               	retlw	111	;'o'
   364     036B  346D               	retlw	109	;'m'
   365     036C  3462               	retlw	98	;'b'
   366     036D  3461               	retlw	97	;'a'
   367     036E  3420               	retlw	32	;' '
   368     036F  344C               	retlw	76	;'L'
   369     0370  3469               	retlw	105	;'i'
   370     0371  3467               	retlw	103	;'g'
   371     0372  3461               	retlw	97	;'a'
   372     0373  3464               	retlw	100	;'d'
   373     0374  3461               	retlw	97	;'a'
   374     0375  3421               	retlw	33	;'!'
   375     0376  3421               	retlw	33	;'!'
   376     0377  3420               	retlw	32	;' '
   377     0378  3420               	retlw	32	;' '
   378     0379  3400               	retlw	0
   379     037A                     STR_8:
   380     037A  3445               	retlw	69	;'E'
   381     037B  3473               	retlw	115	;'s'
   382     037C  3463               	retlw	99	;'c'
   383     037D  346F               	retlw	111	;'o'
   384     037E  3461               	retlw	97	;'a'
   385     037F  346D               	retlw	109	;'m'
   386     0380  3465               	retlw	101	;'e'
   387     0381  346E               	retlw	110	;'n'
   388     0382  3474               	retlw	116	;'t'
   389     0383  346F               	retlw	111	;'o'
   390     0384  3420               	retlw	32	;' '
   391     0385  3461               	retlw	97	;'a'
   392     0386  3474               	retlw	116	;'t'
   393     0387  3469               	retlw	105	;'i'
   394     0388  3476               	retlw	118	;'v'
   395     0389  346F               	retlw	111	;'o'
   396     038A  3400               	retlw	0
   397     038B                     STR_5:
   398     038B  3441               	retlw	65	;'A'
   399     038C  346A               	retlw	106	;'j'
   400     038D  3475               	retlw	117	;'u'
   401     038E  3473               	retlw	115	;'s'
   402     038F  3474               	retlw	116	;'t'
   403     0390  3465               	retlw	101	;'e'
   404     0391  3420               	retlw	32	;' '
   405     0392  3464               	retlw	100	;'d'
   406     0393  3465               	retlw	101	;'e'
   407     0394  3420               	retlw	32	;' '
   408     0395  3450               	retlw	80	;'P'
   409     0396  3448               	retlw	72	;'H'
   410     0397  3420               	retlw	32	;' '
   411     0398  3420               	retlw	32	;' '
   412     0399  3420               	retlw	32	;' '
   413     039A  3400               	retlw	0
   414     039B                     STR_11:
   415     039B  3449               	retlw	73	;'I'
   416     039C  3472               	retlw	114	;'r'
   417     039D  3472               	retlw	114	;'r'
   418     039E  3469               	retlw	105	;'i'
   419     039F  3467               	retlw	103	;'g'
   420     03A0  342E               	retlw	46	;'.'
   421     03A1  3420               	retlw	32	;' '
   422     03A2  3446               	retlw	70	;'F'
   423     03A3  346F               	retlw	111	;'o'
   424     03A4  3472               	retlw	114	;'r'
   425     03A5  3463               	retlw	99	;'c'
   426     03A6  3461               	retlw	97	;'a'
   427     03A7  3464               	retlw	100	;'d'
   428     03A8  3461               	retlw	97	;'a'
   429     03A9  3420               	retlw	32	;' '
   430     03AA  3400               	retlw	0
   431     03AB                     STR_4:
   432     03AB  3455               	retlw	85	;'U'
   433     03AC  346D               	retlw	109	;'m'
   434     03AD  3469               	retlw	105	;'i'
   435     03AE  3464               	retlw	100	;'d'
   436     03AF  3461               	retlw	97	;'a'
   437     03B0  3464               	retlw	100	;'d'
   438     03B1  3465               	retlw	101	;'e'
   439     03B2  343A               	retlw	58	;':'
   440     03B3  3420               	retlw	32	;' '
   441     03B4  3425               	retlw	37	;'%'
   442     03B5  3475               	retlw	117	;'u'
   443     03B6  3420               	retlw	32	;' '
   444     03B7  3425               	retlw	37	;'%'
   445     03B8  3425               	retlw	37	;'%'
   446     03B9  3400               	retlw	0
   447     03BA                     STR_6:
   448     03BA  3450               	retlw	80	;'P'
   449     03BB  3448               	retlw	72	;'H'
   450     03BC  343A               	retlw	58	;':'
   451     03BD  3420               	retlw	32	;' '
   452     03BE  3425               	retlw	37	;'%'
   453     03BF  3475               	retlw	117	;'u'
   454     03C0  342E               	retlw	46	;'.'
   455     03C1  3425               	retlw	37	;'%'
   456     03C2  3430               	retlw	48	;'0'
   457     03C3  3432               	retlw	50	;'2'
   458     03C4  3475               	retlw	117	;'u'
   459     03C5  3420               	retlw	32	;' '
   460     03C6  3400               	retlw	0
   461     03C7                     STR_7:
   462     03C7  344E               	retlw	78	;'N'
   463     03C8  3469               	retlw	105	;'i'
   464     03C9  3476               	retlw	118	;'v'
   465     03CA  3465               	retlw	101	;'e'
   466     03CB  346C               	retlw	108	;'l'
   467     03CC  3420               	retlw	32	;' '
   468     03CD  3441               	retlw	65	;'A'
   469     03CE  346C               	retlw	108	;'l'
   470     03CF  3474               	retlw	116	;'t'
   471     03D0  346F               	retlw	111	;'o'
   472     03D1  3421               	retlw	33	;'!'
   473     03D2  3421               	retlw	33	;'!'
   474     03D3  3400               	retlw	0
   475     03D4                     STR_3:
   476     03D4  3449               	retlw	73	;'I'
   477     03D5  3472               	retlw	114	;'r'
   478     03D6  3472               	retlw	114	;'r'
   479     03D7  3469               	retlw	105	;'i'
   480     03D8  3467               	retlw	103	;'g'
   481     03D9  3461               	retlw	97	;'a'
   482     03DA  3463               	retlw	99	;'c'
   483     03DB  3461               	retlw	97	;'a'
   484     03DC  346F               	retlw	111	;'o'
   485     03DD  3421               	retlw	33	;'!'
   486     03DE  3421               	retlw	33	;'!'
   487     03DF  3400               	retlw	0
   488                           
   489                           	psect	cinit
   490     000F                     start_initialization:	
   491                           ; #config settings
   492                           
   493     000F                     __initialization:
   494                           
   495                           ; Clear objects allocated to COMMON
   496     000F  01F9               	clrf	__pbssCOMMON& (0+127)
   497     0010  01FA               	clrf	(__pbssCOMMON+1)& (0+127)
   498                           
   499                           ; Clear objects allocated to BANK0
   500     0011  1283               	bcf	3,5	;RP0=0, select bank0
   501     0012  1303               	bcf	3,6	;RP1=0, select bank0
   502     0013  01EA               	clrf	__pbssBANK0& (0+127)
   503     0014  01EB               	clrf	(__pbssBANK0+1)& (0+127)
   504     0015  01EC               	clrf	(__pbssBANK0+2)& (0+127)
   505     0016  01ED               	clrf	(__pbssBANK0+3)& (0+127)
   506     0017  01EE               	clrf	(__pbssBANK0+4)& (0+127)
   507                           
   508                           ; Clear objects allocated to BANK1
   509     0018  1383               	bcf	3,7	;select IRP bank0
   510     0019  30A0               	movlw	low __pbssBANK1
   511     001A  0084               	movwf	4
   512     001B  30C6               	movlw	low (__pbssBANK1+38)
   513     001C  120A  158A  2454  120A  118A  	fcall	clear_ram0
   514     0021                     end_of_initialization:	
   515                           ;End of C runtime variable initialization code
   516                           
   517     0021                     __end_of__initialization:
   518     0021  0183               	clrf	3
   519     0022  120A  118A  2825   	ljmp	_main	;jump to C main() function
   520                           
   521                           	psect	bssCOMMON
   522     0079                     __pbssCOMMON:
   523     0079                     _flagtimer:
   524     0079                     	ds	2
   525                           
   526                           	psect	bssBANK0
   527     006A                     __pbssBANK0:
   528     006A                     _width:
   529     006A                     	ds	2
   530     006C                     _flagirrig:
   531     006C                     	ds	2
   532     006E                     _flags:
   533     006E                     	ds	1
   534                           
   535                           	psect	bssBANK1
   536     00A0                     __pbssBANK1:
   537     00A0                     _prec:
   538     00A0                     	ds	2
   539     00A2                     _tempo:
   540     00A2                     	ds	2
   541     00A4                     _conta:
   542     00A4                     	ds	2
   543     00A6                     _dbuf:
   544     00A6                     	ds	32
   545                           
   546                           	psect	clrtext
   547     0C54                     clear_ram0:	
   548                           ;	Called with FSR containing the base address, and
   549                           ;	W with the last address+1
   550                           
   551     0C54  0064               	clrwdt	;clear the watchdog before getting into this loop
   552     0C55                     clrloop0:
   553     0C55  0180               	clrf	0	;clear RAM location pointed to by FSR
   554     0C56  0A84               	incf	4,f	;increment pointer
   555     0C57  0604               	xorwf	4,w	;XOR with final address
   556     0C58  1903               	btfsc	3,2	;have we reached the end yet?
   557     0C59  3400               	retlw	0	;all done for this memory range, return
   558     0C5A  0604               	xorwf	4,w	;XOR again to restore value
   559     0C5B  2C55               	goto	clrloop0	;do the next byte
   560                           
   561                           	psect	cstackBANK1
   562     00C6                     __pcstackBANK1:
   563     00C6                     EmEspera@buffer:
   564     00C6                     displayI@buffer:	
   565                           ; 16 bytes @ 0x0
   566                           
   567     00C6                     displayPH@buffer:	
   568                           ; 16 bytes @ 0x0
   569                           
   570                           
   571                           ; 16 bytes @ 0x0
   572     00C6                     	ds	16
   573     00D6                     EmEspera@umid:
   574     00D6                     _displayPH$1227:	
   575                           ; 2 bytes @ 0x10
   576                           
   577                           
   578                           ; 2 bytes @ 0x10
   579     00D6                     	ds	2
   580     00D8                     _EmEspera$1225:
   581     00D8                     _displayPH$1228:	
   582                           ; 2 bytes @ 0x12
   583                           
   584                           
   585                           ; 2 bytes @ 0x12
   586     00D8                     	ds	2
   587     00DA                     displayPH@p:
   588     00DA                     _EmEspera$1226:	
   589                           ; 2 bytes @ 0x14
   590                           
   591                           
   592                           ; 2 bytes @ 0x14
   593     00DA                     	ds	2
   594     00DC                     EmEspera@ph_val:
   595                           
   596                           ; 2 bytes @ 0x16
   597     00DC                     	ds	2
   598     00DE                     main@umidade_atual:
   599                           
   600                           ; 2 bytes @ 0x18
   601     00DE                     	ds	2
   602                           
   603                           	psect	cstackCOMMON
   604     0070                     __pcstackCOMMON:
   605     0070                     ?_putch:
   606     0070                     ?_Lcd_Port:	
   607                           ; 1 bytes @ 0x0
   608                           
   609     0070                     ?_Lcd_Cmd:	
   610                           ; 1 bytes @ 0x0
   611                           
   612     0070                     ?_Lcd_Clear:	
   613                           ; 1 bytes @ 0x0
   614                           
   615     0070                     ?_Lcd_Init:	
   616                           ; 1 bytes @ 0x0
   617                           
   618     0070                     ?_Lcd_Write_Char:	
   619                           ; 1 bytes @ 0x0
   620                           
   621     0070                     ?_TrataInt:	
   622                           ; 1 bytes @ 0x0
   623                           
   624     0070                     ?_Inicializacoes:	
   625                           ; 1 bytes @ 0x0
   626                           
   627     0070                     ?_EmEspera:	
   628                           ; 1 bytes @ 0x0
   629                           
   630     0070                     ?_displayI:	
   631                           ; 1 bytes @ 0x0
   632                           
   633     0070                     ?_displayPH:	
   634                           ; 1 bytes @ 0x0
   635                           
   636     0070                     ?_main:	
   637                           ; 1 bytes @ 0x0
   638                           
   639     0070                     putch@c:	
   640                           ; 1 bytes @ 0x0
   641                           
   642     0070                     ??_TrataInt:	
   643                           ; 1 bytes @ 0x0
   644                           
   645                           
   646                           ; 1 bytes @ 0x0
   647     0070                     	ds	3
   648     0073                     ?_esperar_timer:
   649     0073                     ?_fputc:	
   650                           ; 1 bytes @ 0x3
   651                           
   652     0073                     ?___wmul:	
   653                           ; 2 bytes @ 0x3
   654                           
   655     0073                     ?___lwdiv:	
   656                           ; 2 bytes @ 0x3
   657                           
   658     0073                     ?___lwmod:	
   659                           ; 2 bytes @ 0x3
   660                           
   661     0073                     Lcd_Port@a:	
   662                           ; 2 bytes @ 0x3
   663                           
   664     0073                     esperar_timer@slots_de_0_5s:	
   665                           ; 1 bytes @ 0x3
   666                           
   667     0073                     ___wmul@multiplier:	
   668                           ; 2 bytes @ 0x3
   669                           
   670     0073                     ___lwdiv@divisor:	
   671                           ; 2 bytes @ 0x3
   672                           
   673     0073                     ___lwmod@divisor:	
   674                           ; 2 bytes @ 0x3
   675                           
   676     0073                     fputc@c:	
   677                           ; 2 bytes @ 0x3
   678                           
   679     0073                     ??_putch:	
   680                           ; 2 bytes @ 0x3
   681                           
   682     0073                     ??_Lcd_Port:	
   683                           ; 1 bytes @ 0x3
   684                           
   685     0073                     ??___lmul:	
   686                           ; 1 bytes @ 0x3
   687                           
   688                           
   689                           ; 1 bytes @ 0x3
   690     0073                     	ds	1
   691     0074                     ___lmul@product:
   692     0074                     ??_Lcd_Cmd:	
   693                           ; 4 bytes @ 0x4
   694                           
   695     0074                     ??_Lcd_Write_Char:	
   696                           ; 1 bytes @ 0x4
   697                           
   698                           
   699                           ; 1 bytes @ 0x4
   700     0074                     	ds	1
   701     0075                     Lcd_Write_Char@temp:
   702     0075                     ___wmul@multiplicand:	
   703                           ; 1 bytes @ 0x5
   704                           
   705     0075                     ___lwdiv@dividend:	
   706                           ; 2 bytes @ 0x5
   707                           
   708     0075                     ___lwmod@dividend:	
   709                           ; 2 bytes @ 0x5
   710                           
   711     0075                     fputc@fp:	
   712                           ; 2 bytes @ 0x5
   713                           
   714     0075                     ??_esperar_timer:	
   715                           ; 2 bytes @ 0x5
   716                           
   717                           
   718                           ; 1 bytes @ 0x5
   719     0075                     	ds	1
   720     0076                     Lcd_Cmd@a:
   721     0076                     Lcd_Write_Char@y:	
   722                           ; 1 bytes @ 0x6
   723                           
   724                           
   725                           ; 1 bytes @ 0x6
   726     0076                     	ds	1
   727     0077                     ?_Lcd_Set_Cursor:
   728     0077                     Lcd_Set_Cursor@b:	
   729                           ; 1 bytes @ 0x7
   730                           
   731     0077                     Lcd_Write_Char@a:	
   732                           ; 1 bytes @ 0x7
   733                           
   734     0077                     ___lwmod@counter:	
   735                           ; 1 bytes @ 0x7
   736                           
   737     0077                     ___wmul@product:	
   738                           ; 1 bytes @ 0x7
   739                           
   740     0077                     ??_fputs:	
   741                           ; 2 bytes @ 0x7
   742                           
   743     0077                     ??_Lcd_Clear:	
   744                           ; 1 bytes @ 0x7
   745                           
   746     0077                     ??_Lcd_Init:	
   747                           ; 1 bytes @ 0x7
   748                           
   749     0077                     ??___wmul:	
   750                           ; 1 bytes @ 0x7
   751                           
   752     0077                     ??___lwdiv:	
   753                           ; 1 bytes @ 0x7
   754                           
   755     0077                     ??___lwmod:	
   756                           ; 1 bytes @ 0x7
   757                           
   758                           
   759                           ; 1 bytes @ 0x7
   760     0077                     	ds	1
   761     0078                     ??_Lcd_Set_Cursor:
   762     0078                     ??___lldiv:	
   763                           ; 1 bytes @ 0x8
   764                           
   765                           
   766                           ; 1 bytes @ 0x8
   767     0078                     	ds	1
   768     0079                     ??_vfprintf:
   769     0079                     ??_Inicializacoes:	
   770                           ; 1 bytes @ 0x9
   771                           
   772     0079                     ??_displayI:	
   773                           ; 1 bytes @ 0x9
   774                           
   775     0079                     ??_displayPH:	
   776                           ; 1 bytes @ 0x9
   777                           
   778     0079                     ??_utoa:	
   779                           ; 1 bytes @ 0x9
   780                           
   781     0079                     ??_read_prec_or_width:	
   782                           ; 1 bytes @ 0x9
   783                           
   784                           
   785                           	psect	cstackBANK0
   786     0020                     __pcstackBANK0:	
   787                           ; 1 bytes @ 0x9
   788                           
   789     0020                     ?_Lcd_Write_String:
   790     0020                     ?_read_prec_or_width:	
   791                           ; 1 bytes @ 0x0
   792                           
   793     0020                     ?___lmul:	
   794                           ; 2 bytes @ 0x0
   795                           
   796     0020                     Lcd_Set_Cursor@a:	
   797                           ; 4 bytes @ 0x0
   798                           
   799     0020                     ___lwdiv@counter:	
   800                           ; 1 bytes @ 0x0
   801                           
   802     0020                     read_prec_or_width@fmt:	
   803                           ; 1 bytes @ 0x0
   804                           
   805     0020                     Lcd_Write_String@a:	
   806                           ; 1 bytes @ 0x0
   807                           
   808     0020                     ___lmul@multiplier:	
   809                           ; 2 bytes @ 0x0
   810                           
   811     0020                     ??_fputc:	
   812                           ; 4 bytes @ 0x0
   813                           
   814                           
   815                           ; 1 bytes @ 0x0
   816     0020                     	ds	1
   817     0021                     Lcd_Set_Cursor@z:
   818     0021                     read_prec_or_width@ap:	
   819                           ; 1 bytes @ 0x1
   820                           
   821     0021                     ___lwdiv@quotient:	
   822                           ; 1 bytes @ 0x1
   823                           
   824                           
   825                           ; 2 bytes @ 0x1
   826     0021                     	ds	1
   827     0022                     Lcd_Set_Cursor@y:
   828     0022                     read_prec_or_width@c:	
   829                           ; 1 bytes @ 0x2
   830                           
   831     0022                     ??_Lcd_Write_String:	
   832                           ; 1 bytes @ 0x2
   833                           
   834                           
   835                           ; 1 bytes @ 0x2
   836     0022                     	ds	1
   837     0023                     Lcd_Set_Cursor@temp:
   838     0023                     read_prec_or_width@n:	
   839                           ; 1 bytes @ 0x3
   840                           
   841                           
   842                           ; 2 bytes @ 0x3
   843     0023                     	ds	1
   844     0024                     ___lmul@multiplicand:
   845                           
   846                           ; 4 bytes @ 0x4
   847     0024                     	ds	1
   848     0025                     Lcd_Write_String@i:
   849                           
   850                           ; 2 bytes @ 0x5
   851     0025                     	ds	3
   852     0028                     ?___lldiv:
   853     0028                     ___lldiv@divisor:	
   854                           ; 4 bytes @ 0x8
   855                           
   856                           
   857                           ; 4 bytes @ 0x8
   858     0028                     	ds	1
   859     0029                     ?_fputs:
   860     0029                     fputs@s:	
   861                           ; 2 bytes @ 0x9
   862                           
   863                           
   864                           ; 1 bytes @ 0x9
   865     0029                     	ds	1
   866     002A                     fputs@fp:
   867                           
   868                           ; 2 bytes @ 0xA
   869     002A                     	ds	2
   870     002C                     fputs@c:
   871     002C                     ___lldiv@dividend:	
   872                           ; 1 bytes @ 0xC
   873                           
   874                           
   875                           ; 4 bytes @ 0xC
   876     002C                     	ds	1
   877     002D                     fputs@i:
   878                           
   879                           ; 2 bytes @ 0xD
   880     002D                     	ds	2
   881     002F                     ?_pad:
   882     002F                     pad@fp:	
   883                           ; 1 bytes @ 0xF
   884                           
   885                           
   886                           ; 2 bytes @ 0xF
   887     002F                     	ds	1
   888     0030                     ___lldiv@quotient:
   889                           
   890                           ; 4 bytes @ 0x10
   891     0030                     	ds	1
   892     0031                     pad@buf:
   893                           
   894                           ; 1 bytes @ 0x11
   895     0031                     	ds	1
   896     0032                     pad@p:
   897                           
   898                           ; 2 bytes @ 0x12
   899     0032                     	ds	2
   900     0034                     ___lldiv@counter:
   901     0034                     ??_pad:	
   902                           ; 1 bytes @ 0x14
   903                           
   904                           
   905                           ; 1 bytes @ 0x14
   906     0034                     	ds	1
   907     0035                     ?_ler_umidade:
   908     0035                     ?_ler_ph:	
   909                           ; 2 bytes @ 0x15
   910                           
   911     0035                     pad@i:	
   912                           ; 2 bytes @ 0x15
   913                           
   914                           
   915                           ; 2 bytes @ 0x15
   916     0035                     	ds	2
   917     0037                     ?_utoa:
   918     0037                     utoa@fp:	
   919                           ; 1 bytes @ 0x17
   920                           
   921     0037                     ??_ler_umidade:	
   922                           ; 2 bytes @ 0x17
   923                           
   924     0037                     ??_ler_ph:	
   925                           ; 1 bytes @ 0x17
   926                           
   927                           
   928                           ; 1 bytes @ 0x17
   929     0037                     	ds	1
   930     0038                     ler_umidade@leitura:
   931     0038                     ler_ph@leitura:	
   932                           ; 2 bytes @ 0x18
   933                           
   934                           
   935                           ; 2 bytes @ 0x18
   936     0038                     	ds	1
   937     0039                     utoa@d:
   938                           
   939                           ; 2 bytes @ 0x19
   940     0039                     	ds	2
   941     003B                     utoa@p:
   942                           
   943                           ; 1 bytes @ 0x1B
   944     003B                     	ds	1
   945     003C                     utoa@w:
   946                           
   947                           ; 2 bytes @ 0x1C
   948     003C                     	ds	2
   949     003E                     utoa@i:
   950                           
   951                           ; 2 bytes @ 0x1E
   952     003E                     	ds	2
   953     0040                     ?_vfpfcnvrt:
   954     0040                     vfpfcnvrt@fp:	
   955                           ; 1 bytes @ 0x20
   956                           
   957                           
   958                           ; 2 bytes @ 0x20
   959     0040                     	ds	2
   960     0042                     vfpfcnvrt@fmt:
   961                           
   962                           ; 1 bytes @ 0x22
   963     0042                     	ds	1
   964     0043                     vfpfcnvrt@ap:
   965                           
   966                           ; 1 bytes @ 0x23
   967     0043                     	ds	1
   968     0044                     ??_vfpfcnvrt:
   969                           
   970                           ; 1 bytes @ 0x24
   971     0044                     	ds	2
   972     0046                     vfpfcnvrt@convarg:
   973                           
   974                           ; 4 bytes @ 0x26
   975     0046                     	ds	4
   976     004A                     vfpfcnvrt@done:
   977                           
   978                           ; 1 bytes @ 0x2A
   979     004A                     	ds	1
   980     004B                     vfpfcnvrt@cp:
   981                           
   982                           ; 1 bytes @ 0x2B
   983     004B                     	ds	1
   984     004C                     ?_vfprintf:
   985     004C                     vfprintf@fp:	
   986                           ; 2 bytes @ 0x2C
   987                           
   988                           
   989                           ; 2 bytes @ 0x2C
   990     004C                     	ds	2
   991     004E                     vfprintf@fmt:
   992                           
   993                           ; 1 bytes @ 0x2E
   994     004E                     	ds	1
   995     004F                     vfprintf@ap:
   996                           
   997                           ; 1 bytes @ 0x2F
   998     004F                     	ds	1
   999     0050                     vfprintf@cfmt:
  1000                           
  1001                           ; 1 bytes @ 0x30
  1002     0050                     	ds	1
  1003     0051                     ?_sprintf:
  1004     0051                     sprintf@s:	
  1005                           ; 2 bytes @ 0x31
  1006                           
  1007                           
  1008                           ; 1 bytes @ 0x31
  1009     0051                     	ds	1
  1010     0052                     sprintf@fmt:
  1011                           
  1012                           ; 1 bytes @ 0x32
  1013     0052                     	ds	5
  1014     0057                     ??_sprintf:
  1015                           
  1016                           ; 1 bytes @ 0x37
  1017     0057                     	ds	1
  1018     0058                     sprintf@ap:
  1019                           
  1020                           ; 1 bytes @ 0x38
  1021     0058                     	ds	1
  1022     0059                     sprintf@f:
  1023                           
  1024                           ; 11 bytes @ 0x39
  1025     0059                     	ds	11
  1026     0064                     ??_EmEspera:
  1027                           
  1028                           ; 1 bytes @ 0x44
  1029     0064                     	ds	3
  1030     0067                     ??_main:
  1031                           
  1032                           ; 1 bytes @ 0x47
  1033     0067                     	ds	3
  1034                           
  1035                           	psect	maintext
  1036     0025                     __pmaintext:	
  1037 ;;
  1038 ;;Main: autosize = 0, tempsize = 3, incstack = 0, save=0
  1039 ;;
  1040 ;; *************** function _main *****************
  1041 ;; Defined at:
  1042 ;;		line 252 in file "main.c"
  1043 ;; Parameters:    Size  Location     Type
  1044 ;;		None
  1045 ;; Auto vars:     Size  Location     Type
  1046 ;;  umidade_atua    2   24[BANK1 ] unsigned int 
  1047 ;;  buffer         16    0        unsigned char [16]
  1048 ;; Return value:  Size  Location     Type
  1049 ;;                  1    wreg      void 
  1050 ;; Registers used:
  1051 ;;		wreg, fsr0l, fsr0h, status,2, status,0, pclath, btemp1, cstack
  1052 ;; Tracked objects:
  1053 ;;		On entry : B00/0
  1054 ;;		On exit  : 0/0
  1055 ;;		Unchanged: 0/0
  1056 ;; Data sizes:     COMMON   BANK0   BANK1   BANK3   BANK2
  1057 ;;      Params:         0       0       0       0       0
  1058 ;;      Locals:         0       0       2       0       0
  1059 ;;      Temps:          0       3       0       0       0
  1060 ;;      Totals:         0       3       2       0       0
  1061 ;;Total ram usage:        5 bytes
  1062 ;; Hardware stack levels required when called: 9
  1063 ;; This function calls:
  1064 ;;		_EmEspera
  1065 ;;		_Inicializacoes
  1066 ;;		_Lcd_Clear
  1067 ;;		_Lcd_Set_Cursor
  1068 ;;		_Lcd_Write_String
  1069 ;;		_displayI
  1070 ;;		_displayPH
  1071 ;;		_esperar_timer
  1072 ;;		_ler_ph
  1073 ;;		_ler_umidade
  1074 ;; This function is called by:
  1075 ;;		Startup code after reset
  1076 ;; This function uses a non-reentrant model
  1077 ;;
  1078                           
  1079     0025                     _main:	
  1080                           ;psect for function _main
  1081                           
  1082     0025                     l2587:	
  1083                           ;incstack = 0
  1084 ;; hardware stack exceeded
  1085                           ; Regs used in _main: [wreg-fsr0h+status,2+status,0+pclath+btemp1+cstack]
  1086                           
  1087                           
  1088                           ;main.c: 254:     Inicializacoes();
  1089     0025  120A  158A  2557  120A  118A  	fcall	_Inicializacoes
  1090     002A                     l156:	
  1091                           ;main.c: 255:     char buffer[16];;main.c: 258:     const int T_PADRAO = 2;;main.c: 259:
      +                               const int T_EXTRA = 2;;main.c: 260:     const int T_MISTURA = 2;;main.c: 261:     c
      +                          onst int T_ESTABILIZA = 2;;main.c: 264:     while(1)
  1092                           
  1093     002A  0064               	clrwdt	;# 
  1094     002B                     l2589:
  1095                           
  1096                           ;main.c: 269:         if (PORTBbits.RB1 == 0) {
  1097     002B  1283               	bcf	3,5	;RP0=0, select bank0
  1098     002C  1303               	bcf	3,6	;RP1=0, select bank0
  1099     002D  1886               	btfsc	6,1	;volatile
  1100     002E  2830               	goto	u2461
  1101     002F  2831               	goto	u2460
  1102     0030                     u2461:
  1103     0030  287E               	goto	l2607
  1104     0031                     u2460:
  1105     0031                     l2591:
  1106                           
  1107                           ;main.c: 270:             Lcd_Clear();
  1108     0031  120A  118A  22EF  120A  118A  	fcall	_Lcd_Clear
  1109                           
  1110                           ;main.c: 271:             Lcd_Set_Cursor(1, 1);
  1111     0036  01F7               	clrf	Lcd_Set_Cursor@b
  1112     0037  0AF7               	incf	Lcd_Set_Cursor@b,f
  1113     0038  3001               	movlw	1
  1114     0039  120A  158A  27B2  120A  118A  	fcall	_Lcd_Set_Cursor
  1115     003E                     l2593:
  1116                           
  1117                           ;main.c: 272:             Lcd_Write_String("Nivel Alto!!");
  1118     003E  30B8               	movlw	(low ((STR_7-__stringbase)| (0+32768)))& (0+255)
  1119     003F  1283               	bcf	3,5	;RP0=0, select bank0
  1120     0040  1303               	bcf	3,6	;RP1=0, select bank0
  1121     0041  00A0               	movwf	Lcd_Write_String@a
  1122     0042  3080               	movlw	128
  1123     0043  00A1               	movwf	Lcd_Write_String@a+1
  1124     0044  120A  158A  2644  120A  118A  	fcall	_Lcd_Write_String
  1125     0049                     l2595:
  1126                           
  1127                           ;main.c: 273:             Lcd_Set_Cursor(2, 1);
  1128     0049  01F7               	clrf	Lcd_Set_Cursor@b
  1129     004A  0AF7               	incf	Lcd_Set_Cursor@b,f
  1130     004B  3002               	movlw	2
  1131     004C  120A  158A  27B2  120A  118A  	fcall	_Lcd_Set_Cursor
  1132                           
  1133                           ;main.c: 274:             Lcd_Write_String("Escoamento ativo");
  1134     0051  306B               	movlw	(low ((STR_8-__stringbase)| (0+32768)))& (0+255)
  1135     0052  1283               	bcf	3,5	;RP0=0, select bank0
  1136     0053  1303               	bcf	3,6	;RP1=0, select bank0
  1137     0054  00A0               	movwf	Lcd_Write_String@a
  1138     0055  3080               	movlw	128
  1139     0056  00A1               	movwf	Lcd_Write_String@a+1
  1140     0057  120A  158A  2644  120A  118A  	fcall	_Lcd_Write_String
  1141     005C                     l2597:
  1142                           
  1143                           ;main.c: 276:             PORTCbits.RC3 = 1;
  1144     005C  1283               	bcf	3,5	;RP0=0, select bank0
  1145     005D  1303               	bcf	3,6	;RP1=0, select bank0
  1146     005E  1587               	bsf	7,3	;volatile
  1147                           
  1148                           ;main.c: 279:             while (PORTBbits.RB4 == 0 || PORTBbits.RB1 == 0) {
  1149     005F  286E               	goto	l2601
  1150     0060                     l159:
  1151     0060  0064               	clrwdt	;# 
  1152                           
  1153                           ;main.c: 281:                 PORTCbits.RC3 = 1;
  1154     0061  1283               	bcf	3,5	;RP0=0, select bank0
  1155     0062  1303               	bcf	3,6	;RP1=0, select bank0
  1156     0063  1587               	bsf	7,3	;volatile
  1157     0064                     l2599:
  1158                           
  1159                           ;main.c: 282:                 _delay((unsigned long)((100)*(4000000/4000.0)));
  1160     0064  3082               	movlw	130
  1161     0065  1283               	bcf	3,5	;RP0=0, select bank0
  1162     0066  1303               	bcf	3,6	;RP1=0, select bank0
  1163     0067  00E8               	movwf	??_main+1
  1164     0068  30DD               	movlw	221
  1165     0069  00E7               	movwf	??_main
  1166     006A                     u2657:
  1167     006A  0BE7               	decfsz	??_main,f
  1168     006B  286A               	goto	u2657
  1169     006C  0BE8               	decfsz	??_main+1,f
  1170     006D  286A               	goto	u2657
  1171     006E                     l2601:
  1172                           
  1173                           ;main.c: 279:             while (PORTBbits.RB4 == 0 || PORTBbits.RB1 == 0) {
  1174     006E  1283               	bcf	3,5	;RP0=0, select bank0
  1175     006F  1303               	bcf	3,6	;RP1=0, select bank0
  1176     0070  1E06               	btfss	6,4	;volatile
  1177     0071  2873               	goto	u2471
  1178     0072  2874               	goto	u2470
  1179     0073                     u2471:
  1180     0073  2860               	goto	l159
  1181     0074                     u2470:
  1182     0074                     l2603:
  1183     0074  1C86               	btfss	6,1	;volatile
  1184     0075  2877               	goto	u2481
  1185     0076  2878               	goto	u2480
  1186     0077                     u2481:
  1187     0077  2860               	goto	l159
  1188     0078                     u2480:
  1189     0078                     l160:
  1190                           
  1191                           ;main.c: 284:             PORTCbits.RC3 = 0;
  1192     0078  1187               	bcf	7,3	;volatile
  1193     0079                     l2605:
  1194                           
  1195                           ;main.c: 285:             Lcd_Clear();
  1196     0079  120A  118A  22EF  120A  118A  	fcall	_Lcd_Clear
  1197     007E                     l2607:
  1198                           
  1199                           ;main.c: 289:         EmEspera();
  1200     007E  120A  118A  24B6  120A  118A  	fcall	_EmEspera
  1201     0083                     l2609:
  1202                           
  1203                           ;main.c: 293:         if (ler_umidade() < 40 || flagirrig == 1) {
  1204     0083  120A  158A  2766  120A  118A  	fcall	_ler_umidade
  1205     0088  3000               	movlw	0
  1206     0089  1283               	bcf	3,5	;RP0=0, select bank0
  1207     008A  1303               	bcf	3,6	;RP1=0, select bank0
  1208     008B  0236               	subwf	?_ler_umidade+1,w
  1209     008C  3028               	movlw	40
  1210     008D  1903               	skipnz
  1211     008E  0235               	subwf	?_ler_umidade,w
  1212     008F  1C03               	skipc
  1213     0090  2892               	goto	u2491
  1214     0091  2893               	goto	u2490
  1215     0092                     u2491:
  1216     0092  2899               	goto	l163
  1217     0093                     u2490:
  1218     0093                     l2611:
  1219     0093  036C               	decf	_flagirrig,w	;volatile
  1220     0094  046D               	iorwf	_flagirrig+1,w	;volatile
  1221     0095  1D03               	btfss	3,2
  1222     0096  2898               	goto	u2501
  1223     0097  2899               	goto	u2500
  1224     0098                     u2501:
  1225     0098  282A               	goto	l156
  1226     0099                     u2500:
  1227     0099                     l163:
  1228                           
  1229                           ;main.c: 297:             if (PORTBbits.RB6 != 0) {
  1230     0099  1F06               	btfss	6,6	;volatile
  1231     009A  289C               	goto	u2511
  1232     009B  289D               	goto	u2510
  1233     009C                     u2511:
  1234     009C  28E3               	goto	l2627
  1235     009D                     u2510:
  1236     009D  28DC               	goto	l2625
  1237     009E                     l166:
  1238     009E  0064               	clrwdt	;# 
  1239     009F                     l2615:
  1240                           
  1241                           ;main.c: 301:                     Lcd_Clear();
  1242     009F  120A  118A  22EF  120A  118A  	fcall	_Lcd_Clear
  1243                           
  1244                           ;main.c: 302:                     Lcd_Set_Cursor(1, 1);
  1245     00A4  01F7               	clrf	Lcd_Set_Cursor@b
  1246     00A5  0AF7               	incf	Lcd_Set_Cursor@b,f
  1247     00A6  3001               	movlw	1
  1248     00A7  120A  158A  27B2  120A  118A  	fcall	_Lcd_Set_Cursor
  1249     00AC                     l2617:
  1250                           
  1251                           ;main.c: 303:                     Lcd_Write_String("Bomba Ligada!!  ");
  1252     00AC  305A               	movlw	(low ((STR_9-__stringbase)| (0+32768)))& (0+255)
  1253     00AD  1283               	bcf	3,5	;RP0=0, select bank0
  1254     00AE  1303               	bcf	3,6	;RP1=0, select bank0
  1255     00AF  00A0               	movwf	Lcd_Write_String@a
  1256     00B0  3080               	movlw	128
  1257     00B1  00A1               	movwf	Lcd_Write_String@a+1
  1258     00B2  120A  158A  2644  120A  118A  	fcall	_Lcd_Write_String
  1259     00B7                     l2619:
  1260                           
  1261                           ;main.c: 304:                     Lcd_Set_Cursor(2, 1);
  1262     00B7  01F7               	clrf	Lcd_Set_Cursor@b
  1263     00B8  0AF7               	incf	Lcd_Set_Cursor@b,f
  1264     00B9  3002               	movlw	2
  1265     00BA  120A  158A  27B2  120A  118A  	fcall	_Lcd_Set_Cursor
  1266                           
  1267                           ;main.c: 305:                     Lcd_Write_String("Enchendo Nivel    ");
  1268     00BF  3036               	movlw	(low ((STR_10-__stringbase)| (0+32768)))& (0+255)
  1269     00C0  1283               	bcf	3,5	;RP0=0, select bank0
  1270     00C1  1303               	bcf	3,6	;RP1=0, select bank0
  1271     00C2  00A0               	movwf	Lcd_Write_String@a
  1272     00C3  3080               	movlw	128
  1273     00C4  00A1               	movwf	Lcd_Write_String@a+1
  1274     00C5  120A  158A  2644  120A  118A  	fcall	_Lcd_Write_String
  1275     00CA                     l2621:
  1276                           
  1277                           ;main.c: 307:                     PORTCbits.RC2 = 1;
  1278     00CA  1283               	bcf	3,5	;RP0=0, select bank0
  1279     00CB  1303               	bcf	3,6	;RP1=0, select bank0
  1280     00CC  1507               	bsf	7,2	;volatile
  1281     00CD                     l2623:
  1282                           
  1283                           ;main.c: 308:                     _delay((unsigned long)((200)*(4000000/4000.0)));
  1284     00CD  3002               	movlw	2
  1285     00CE  1283               	bcf	3,5	;RP0=0, select bank0
  1286     00CF  1303               	bcf	3,6	;RP1=0, select bank0
  1287     00D0  00E9               	movwf	??_main+2
  1288     00D1  3004               	movlw	4
  1289     00D2  00E8               	movwf	??_main+1
  1290     00D3  30B9               	movlw	185
  1291     00D4  00E7               	movwf	??_main
  1292     00D5                     u2667:
  1293     00D5  0BE7               	decfsz	??_main,f
  1294     00D6  28D5               	goto	u2667
  1295     00D7  0BE8               	decfsz	??_main+1,f
  1296     00D8  28D5               	goto	u2667
  1297     00D9  0BE9               	decfsz	??_main+2,f
  1298     00DA  28D5               	goto	u2667
  1299     00DB  28DC               	nop2
  1300     00DC                     l2625:
  1301                           
  1302                           ;main.c: 299:                 while (PORTBbits.RB6 != 0) {
  1303     00DC  1283               	bcf	3,5	;RP0=0, select bank0
  1304     00DD  1303               	bcf	3,6	;RP1=0, select bank0
  1305     00DE  1B06               	btfsc	6,6	;volatile
  1306     00DF  28E1               	goto	u2521
  1307     00E0  28E2               	goto	u2520
  1308     00E1                     u2521:
  1309     00E1  289E               	goto	l166
  1310     00E2                     u2520:
  1311     00E2                     l167:
  1312                           
  1313                           ;main.c: 310:                 PORTCbits.RC2 = 0;
  1314     00E2  1107               	bcf	7,2	;volatile
  1315     00E3                     l2627:
  1316                           
  1317                           ;main.c: 315:             if (ler_ph() < 550 || ler_ph() > 650) {
  1318     00E3  120A  158A  271A  120A  118A  	fcall	_ler_ph
  1319     00E8  3002               	movlw	2
  1320     00E9  1283               	bcf	3,5	;RP0=0, select bank0
  1321     00EA  1303               	bcf	3,6	;RP1=0, select bank0
  1322     00EB  0236               	subwf	?_ler_ph+1,w
  1323     00EC  3026               	movlw	38
  1324     00ED  1903               	skipnz
  1325     00EE  0235               	subwf	?_ler_ph,w
  1326     00EF  1C03               	skipc
  1327     00F0  28F2               	goto	u2531
  1328     00F1  28F3               	goto	u2530
  1329     00F2                     u2531:
  1330     00F2  2903               	goto	l2631
  1331     00F3                     u2530:
  1332     00F3                     l2629:
  1333     00F3  120A  158A  271A  120A  118A  	fcall	_ler_ph
  1334     00F8  3002               	movlw	2
  1335     00F9  1283               	bcf	3,5	;RP0=0, select bank0
  1336     00FA  1303               	bcf	3,6	;RP1=0, select bank0
  1337     00FB  0236               	subwf	?_ler_ph+1,w
  1338     00FC  308B               	movlw	139
  1339     00FD  1903               	skipnz
  1340     00FE  0235               	subwf	?_ler_ph,w
  1341     00FF  1C03               	skipc
  1342     0100  2902               	goto	u2541
  1343     0101  2903               	goto	u2540
  1344     0102                     u2541:
  1345     0102  29B4               	goto	l2665
  1346     0103                     u2540:
  1347     0103                     l2631:
  1348                           
  1349                           ;main.c: 316:                 Lcd_Clear();
  1350     0103  120A  118A  22EF  120A  118A  	fcall	_Lcd_Clear
  1351                           
  1352                           ;main.c: 319:                 while (ler_ph() < 550 || ler_ph() > 650) {
  1353     0108  2994               	goto	l171
  1354     0109                     l172:
  1355     0109  0064               	clrwdt	;# 
  1356     010A                     l2633:
  1357                           
  1358                           ;main.c: 321:                     displayPH();
  1359     010A  120A  118A  260F  120A  118A  	fcall	_displayPH
  1360     010F                     l2635:
  1361                           
  1362                           ;main.c: 323:                     if (ler_ph() > 650) {
  1363     010F  120A  158A  271A  120A  118A  	fcall	_ler_ph
  1364     0114  3002               	movlw	2
  1365     0115  1283               	bcf	3,5	;RP0=0, select bank0
  1366     0116  1303               	bcf	3,6	;RP1=0, select bank0
  1367     0117  0236               	subwf	?_ler_ph+1,w
  1368     0118  308B               	movlw	139
  1369     0119  1903               	skipnz
  1370     011A  0235               	subwf	?_ler_ph,w
  1371     011B  1C03               	skipc
  1372     011C  291E               	goto	u2551
  1373     011D  291F               	goto	u2550
  1374     011E                     u2551:
  1375     011E  2947               	goto	l2647
  1376     011F                     u2550:
  1377     011F                     l2637:
  1378                           
  1379                           ;main.c: 324:                         PORTCbits.RC0 = 1;
  1380     011F  1407               	bsf	7,0	;volatile
  1381     0120                     l2639:
  1382                           
  1383                           ;main.c: 326:                         if (ler_ph() > 750) esperar_timer(T_PADRAO + T_EXT
      +                          RA);
  1384     0120  120A  158A  271A  120A  118A  	fcall	_ler_ph
  1385     0125  3002               	movlw	2
  1386     0126  1283               	bcf	3,5	;RP0=0, select bank0
  1387     0127  1303               	bcf	3,6	;RP1=0, select bank0
  1388     0128  0236               	subwf	?_ler_ph+1,w
  1389     0129  30EF               	movlw	239
  1390     012A  1903               	skipnz
  1391     012B  0235               	subwf	?_ler_ph,w
  1392     012C  1C03               	skipc
  1393     012D  292F               	goto	u2561
  1394     012E  2930               	goto	u2560
  1395     012F                     u2561:
  1396     012F  293A               	goto	l2643
  1397     0130                     u2560:
  1398     0130                     l2641:
  1399     0130  3004               	movlw	4
  1400     0131  00F3               	movwf	esperar_timer@slots_de_0_5s
  1401     0132  3000               	movlw	0
  1402     0133  00F4               	movwf	esperar_timer@slots_de_0_5s+1
  1403     0134  120A  158A  2476  120A  118A  	fcall	_esperar_timer
  1404     0139  2943               	goto	l2645
  1405     013A                     l2643:
  1406     013A  3002               	movlw	2
  1407     013B  00F3               	movwf	esperar_timer@slots_de_0_5s
  1408     013C  3000               	movlw	0
  1409     013D  00F4               	movwf	esperar_timer@slots_de_0_5s+1
  1410     013E  120A  158A  2476  120A  118A  	fcall	_esperar_timer
  1411     0143                     l2645:
  1412                           
  1413                           ;main.c: 328:                         PORTCbits.RC0 = 0;
  1414     0143  1283               	bcf	3,5	;RP0=0, select bank0
  1415     0144  1303               	bcf	3,6	;RP1=0, select bank0
  1416     0145  1007               	bcf	7,0	;volatile
  1417                           
  1418                           ;main.c: 329:                     }
  1419     0146  297E               	goto	l2659
  1420     0147                     l2647:
  1421     0147  120A  158A  271A  120A  118A  	fcall	_ler_ph
  1422     014C  3002               	movlw	2
  1423     014D  1283               	bcf	3,5	;RP0=0, select bank0
  1424     014E  1303               	bcf	3,6	;RP1=0, select bank0
  1425     014F  0236               	subwf	?_ler_ph+1,w
  1426     0150  3026               	movlw	38
  1427     0151  1903               	skipnz
  1428     0152  0235               	subwf	?_ler_ph,w
  1429     0153  1803               	skipnc
  1430     0154  2956               	goto	u2571
  1431     0155  2957               	goto	u2570
  1432     0156                     u2571:
  1433     0156  297E               	goto	l2659
  1434     0157                     u2570:
  1435     0157                     l2649:
  1436                           
  1437                           ;main.c: 331:                         PORTCbits.RC1 = 1;
  1438     0157  1487               	bsf	7,1	;volatile
  1439     0158                     l2651:
  1440                           
  1441                           ;main.c: 333:                         if (ler_ph() < 450) esperar_timer(T_PADRAO + T_EXT
      +                          RA);
  1442     0158  120A  158A  271A  120A  118A  	fcall	_ler_ph
  1443     015D  3001               	movlw	1
  1444     015E  1283               	bcf	3,5	;RP0=0, select bank0
  1445     015F  1303               	bcf	3,6	;RP1=0, select bank0
  1446     0160  0236               	subwf	?_ler_ph+1,w
  1447     0161  30C2               	movlw	194
  1448     0162  1903               	skipnz
  1449     0163  0235               	subwf	?_ler_ph,w
  1450     0164  1803               	skipnc
  1451     0165  2967               	goto	u2581
  1452     0166  2968               	goto	u2580
  1453     0167                     u2581:
  1454     0167  2972               	goto	l2655
  1455     0168                     u2580:
  1456     0168                     l2653:
  1457     0168  3004               	movlw	4
  1458     0169  00F3               	movwf	esperar_timer@slots_de_0_5s
  1459     016A  3000               	movlw	0
  1460     016B  00F4               	movwf	esperar_timer@slots_de_0_5s+1
  1461     016C  120A  158A  2476  120A  118A  	fcall	_esperar_timer
  1462     0171  297B               	goto	l2657
  1463     0172                     l2655:
  1464     0172  3002               	movlw	2
  1465     0173  00F3               	movwf	esperar_timer@slots_de_0_5s
  1466     0174  3000               	movlw	0
  1467     0175  00F4               	movwf	esperar_timer@slots_de_0_5s+1
  1468     0176  120A  158A  2476  120A  118A  	fcall	_esperar_timer
  1469     017B                     l2657:
  1470                           
  1471                           ;main.c: 335:                         PORTCbits.RC1 = 0;
  1472     017B  1283               	bcf	3,5	;RP0=0, select bank0
  1473     017C  1303               	bcf	3,6	;RP1=0, select bank0
  1474     017D  1087               	bcf	7,1	;volatile
  1475     017E                     l2659:
  1476                           
  1477                           ;main.c: 339:                     PORTCbits.RC5 = 1;
  1478     017E  1687               	bsf	7,5	;volatile
  1479                           
  1480                           ;main.c: 340:                     esperar_timer(T_MISTURA);
  1481     017F  3002               	movlw	2
  1482     0180  00F3               	movwf	esperar_timer@slots_de_0_5s
  1483     0181  3000               	movlw	0
  1484     0182  00F4               	movwf	esperar_timer@slots_de_0_5s+1
  1485     0183  120A  158A  2476  120A  118A  	fcall	_esperar_timer
  1486     0188                     l2661:
  1487                           
  1488                           ;main.c: 341:                     PORTCbits.RC5 = 0;
  1489     0188  1283               	bcf	3,5	;RP0=0, select bank0
  1490     0189  1303               	bcf	3,6	;RP1=0, select bank0
  1491     018A  1287               	bcf	7,5	;volatile
  1492                           
  1493                           ;main.c: 342:                     esperar_timer(T_ESTABILIZA);
  1494     018B  3002               	movlw	2
  1495     018C  00F3               	movwf	esperar_timer@slots_de_0_5s
  1496     018D  3000               	movlw	0
  1497     018E  00F4               	movwf	esperar_timer@slots_de_0_5s+1
  1498     018F  120A  158A  2476  120A  118A  	fcall	_esperar_timer
  1499     0194                     l171:	
  1500                           ;main.c: 343:                 }
  1501                           
  1502                           
  1503                           ;main.c: 319:                 while (ler_ph() < 550 || ler_ph() > 650) {
  1504     0194  120A  158A  271A  120A  118A  	fcall	_ler_ph
  1505     0199  3002               	movlw	2
  1506     019A  1283               	bcf	3,5	;RP0=0, select bank0
  1507     019B  1303               	bcf	3,6	;RP1=0, select bank0
  1508     019C  0236               	subwf	?_ler_ph+1,w
  1509     019D  3026               	movlw	38
  1510     019E  1903               	skipnz
  1511     019F  0235               	subwf	?_ler_ph,w
  1512     01A0  1C03               	skipc
  1513     01A1  29A3               	goto	u2591
  1514     01A2  29A4               	goto	u2590
  1515     01A3                     u2591:
  1516     01A3  2909               	goto	l172
  1517     01A4                     u2590:
  1518     01A4                     l2663:
  1519     01A4  120A  158A  271A  120A  118A  	fcall	_ler_ph
  1520     01A9  3002               	movlw	2
  1521     01AA  1283               	bcf	3,5	;RP0=0, select bank0
  1522     01AB  1303               	bcf	3,6	;RP1=0, select bank0
  1523     01AC  0236               	subwf	?_ler_ph+1,w
  1524     01AD  308B               	movlw	139
  1525     01AE  1903               	skipnz
  1526     01AF  0235               	subwf	?_ler_ph,w
  1527     01B0  1803               	skipnc
  1528     01B1  29B3               	goto	u2601
  1529     01B2  29B4               	goto	u2600
  1530     01B3                     u2601:
  1531     01B3  2909               	goto	l172
  1532     01B4                     u2600:
  1533     01B4                     l2665:
  1534                           
  1535                           ;main.c: 347:             Lcd_Clear();
  1536     01B4  120A  118A  22EF  120A  118A  	fcall	_Lcd_Clear
  1537                           
  1538                           ;main.c: 348:             unsigned int umidade_atual = ler_umidade();
  1539     01B9  120A  158A  2766  120A  118A  	fcall	_ler_umidade
  1540     01BE  1283               	bcf	3,5	;RP0=0, select bank0
  1541     01BF  1303               	bcf	3,6	;RP1=0, select bank0
  1542     01C0  0836               	movf	?_ler_umidade+1,w
  1543     01C1  1683               	bsf	3,5	;RP0=1, select bank1
  1544     01C2  1303               	bcf	3,6	;RP1=0, select bank1
  1545     01C3  00DF               	movwf	(main@umidade_atual+1)^(0+128)
  1546     01C4  1283               	bcf	3,5	;RP0=0, select bank0
  1547     01C5  1303               	bcf	3,6	;RP1=0, select bank0
  1548     01C6  0835               	movf	?_ler_umidade,w
  1549     01C7  1683               	bsf	3,5	;RP0=1, select bank1
  1550     01C8  1303               	bcf	3,6	;RP1=0, select bank1
  1551     01C9  00DE               	movwf	main@umidade_atual^(0+128)
  1552     01CA                     l2667:
  1553                           
  1554                           ;main.c: 350:             if (flagirrig == 1 && umidade_atual >= 60) {
  1555     01CA  1283               	bcf	3,5	;RP0=0, select bank0
  1556     01CB  1303               	bcf	3,6	;RP1=0, select bank0
  1557     01CC  036C               	decf	_flagirrig,w	;volatile
  1558     01CD  046D               	iorwf	_flagirrig+1,w	;volatile
  1559     01CE  1D03               	btfss	3,2
  1560     01CF  29D1               	goto	u2611
  1561     01D0  29D2               	goto	u2610
  1562     01D1                     u2611:
  1563     01D1  2A13               	goto	l2683
  1564     01D2                     u2610:
  1565     01D2                     l2669:
  1566     01D2  3000               	movlw	0
  1567     01D3  1683               	bsf	3,5	;RP0=1, select bank1
  1568     01D4  1303               	bcf	3,6	;RP1=0, select bank1
  1569     01D5  025F               	subwf	(main@umidade_atual+1)^(0+128),w
  1570     01D6  303C               	movlw	60
  1571     01D7  1903               	skipnz
  1572     01D8  025E               	subwf	main@umidade_atual^(0+128),w
  1573     01D9  1C03               	skipc
  1574     01DA  29DC               	goto	u2621
  1575     01DB  29DD               	goto	u2620
  1576     01DC                     u2621:
  1577     01DC  2A13               	goto	l2683
  1578     01DD                     u2620:
  1579     01DD                     l2671:
  1580                           
  1581                           ;main.c: 352:                 Lcd_Set_Cursor(1, 1);
  1582     01DD  01F7               	clrf	Lcd_Set_Cursor@b
  1583     01DE  0AF7               	incf	Lcd_Set_Cursor@b,f
  1584     01DF  3001               	movlw	1
  1585     01E0  120A  158A  27B2  120A  118A  	fcall	_Lcd_Set_Cursor
  1586     01E5                     l2673:
  1587                           
  1588                           ;main.c: 353:                 Lcd_Write_String("Irrig. Forcada ");
  1589     01E5  308C               	movlw	(low ((STR_11-__stringbase)| (0+32768)))& (0+255)
  1590     01E6  1283               	bcf	3,5	;RP0=0, select bank0
  1591     01E7  1303               	bcf	3,6	;RP1=0, select bank0
  1592     01E8  00A0               	movwf	Lcd_Write_String@a
  1593     01E9  3080               	movlw	128
  1594     01EA  00A1               	movwf	Lcd_Write_String@a+1
  1595     01EB  120A  158A  2644  120A  118A  	fcall	_Lcd_Write_String
  1596     01F0                     l2675:
  1597                           
  1598                           ;main.c: 354:                 Lcd_Set_Cursor(2, 1);
  1599     01F0  01F7               	clrf	Lcd_Set_Cursor@b
  1600     01F1  0AF7               	incf	Lcd_Set_Cursor@b,f
  1601     01F2  3002               	movlw	2
  1602     01F3  120A  158A  27B2  120A  118A  	fcall	_Lcd_Set_Cursor
  1603                           
  1604                           ;main.c: 355:                 Lcd_Write_String("Tempo: 10s      ");
  1605     01F8  3049               	movlw	(low ((STR_12-__stringbase)| (0+32768)))& (0+255)
  1606     01F9  1283               	bcf	3,5	;RP0=0, select bank0
  1607     01FA  1303               	bcf	3,6	;RP1=0, select bank0
  1608     01FB  00A0               	movwf	Lcd_Write_String@a
  1609     01FC  3080               	movlw	128
  1610     01FD  00A1               	movwf	Lcd_Write_String@a+1
  1611     01FE  120A  158A  2644  120A  118A  	fcall	_Lcd_Write_String
  1612     0203                     l2677:
  1613                           
  1614                           ;main.c: 357:                 PORTCbits.RC4 = 1;
  1615     0203  1283               	bcf	3,5	;RP0=0, select bank0
  1616     0204  1303               	bcf	3,6	;RP1=0, select bank0
  1617     0205  1607               	bsf	7,4	;volatile
  1618     0206                     l2679:
  1619                           
  1620                           ;main.c: 358:                 esperar_timer(2);
  1621     0206  3002               	movlw	2
  1622     0207  00F3               	movwf	esperar_timer@slots_de_0_5s
  1623     0208  3000               	movlw	0
  1624     0209  00F4               	movwf	esperar_timer@slots_de_0_5s+1
  1625     020A  120A  158A  2476  120A  118A  	fcall	_esperar_timer
  1626     020F                     l2681:
  1627                           
  1628                           ;main.c: 359:                 PORTCbits.RC4 = 0;
  1629     020F  1283               	bcf	3,5	;RP0=0, select bank0
  1630     0210  1303               	bcf	3,6	;RP1=0, select bank0
  1631     0211  1207               	bcf	7,4	;volatile
  1632                           
  1633                           ;main.c: 361:             } else if (umidade_atual < 60) {
  1634     0212  2A39               	goto	l2693
  1635     0213                     l2683:
  1636     0213  3000               	movlw	0
  1637     0214  1683               	bsf	3,5	;RP0=1, select bank1
  1638     0215  1303               	bcf	3,6	;RP1=0, select bank1
  1639     0216  025F               	subwf	(main@umidade_atual+1)^(0+128),w
  1640     0217  303C               	movlw	60
  1641     0218  1903               	skipnz
  1642     0219  025E               	subwf	main@umidade_atual^(0+128),w
  1643     021A  1803               	skipnc
  1644     021B  2A1D               	goto	u2631
  1645     021C  2A1E               	goto	u2630
  1646     021D                     u2631:
  1647     021D  2A39               	goto	l2693
  1648     021E                     u2630:
  1649     021E  2A28               	goto	l2691
  1650     021F                     l185:
  1651     021F  0064               	clrwdt	;# 
  1652     0220                     l2687:
  1653                           
  1654                           ;main.c: 365:                     displayI();
  1655     0220  120A  158A  26D2  120A  118A  	fcall	_displayI
  1656     0225                     l2689:
  1657                           
  1658                           ;main.c: 366:                     PORTCbits.RC4 = 1;
  1659     0225  1283               	bcf	3,5	;RP0=0, select bank0
  1660     0226  1303               	bcf	3,6	;RP1=0, select bank0
  1661     0227  1607               	bsf	7,4	;volatile
  1662     0228                     l2691:
  1663                           
  1664                           ;main.c: 363:                 while (ler_umidade() < 60) {
  1665     0228  120A  158A  2766  120A  118A  	fcall	_ler_umidade
  1666     022D  3000               	movlw	0
  1667     022E  1283               	bcf	3,5	;RP0=0, select bank0
  1668     022F  1303               	bcf	3,6	;RP1=0, select bank0
  1669     0230  0236               	subwf	?_ler_umidade+1,w
  1670     0231  303C               	movlw	60
  1671     0232  1903               	skipnz
  1672     0233  0235               	subwf	?_ler_umidade,w
  1673     0234  1C03               	skipc
  1674     0235  2A37               	goto	u2641
  1675     0236  2A38               	goto	u2640
  1676     0237                     u2641:
  1677     0237  2A1F               	goto	l185
  1678     0238                     u2640:
  1679     0238                     l186:
  1680                           
  1681                           ;main.c: 368:                 PORTCbits.RC4 = 0;
  1682     0238  1207               	bcf	7,4	;volatile
  1683     0239                     l2693:
  1684                           
  1685                           ;main.c: 371:             flagirrig = 0;
  1686     0239  1283               	bcf	3,5	;RP0=0, select bank0
  1687     023A  01EC               	clrf	_flagirrig	;volatile
  1688     023B  01ED               	clrf	_flagirrig+1	;volatile
  1689     023C                     l2695:
  1690                           
  1691                           ;main.c: 372:             Lcd_Clear();
  1692     023C  120A  118A  22EF  120A  118A  	fcall	_Lcd_Clear
  1693     0241  282A               	goto	l156
  1694     0242  120A  118A  280C   	ljmp	start
  1695     0245                     __end_of_main:
  1696                           
  1697                           	psect	text1
  1698     0C76                     __ptext1:	
  1699 ;; *************** function _esperar_timer *****************
  1700 ;; Defined at:
  1701 ;;		line 113 in file "main.c"
  1702 ;; Parameters:    Size  Location     Type
  1703 ;;  slots_de_0_5    2    3[COMMON] int 
  1704 ;; Auto vars:     Size  Location     Type
  1705 ;;		None
  1706 ;; Return value:  Size  Location     Type
  1707 ;;                  1    wreg      void 
  1708 ;; Registers used:
  1709 ;;		wreg, status,2, status,0
  1710 ;; Tracked objects:
  1711 ;;		On entry : 0/0
  1712 ;;		On exit  : 0/0
  1713 ;;		Unchanged: 0/0
  1714 ;; Data sizes:     COMMON   BANK0   BANK1   BANK3   BANK2
  1715 ;;      Params:         2       0       0       0       0
  1716 ;;      Locals:         0       0       0       0       0
  1717 ;;      Temps:          0       0       0       0       0
  1718 ;;      Totals:         2       0       0       0       0
  1719 ;;Total ram usage:        2 bytes
  1720 ;; Hardware stack levels used: 1
  1721 ;; Hardware stack levels required when called: 1
  1722 ;; This function calls:
  1723 ;;		Nothing
  1724 ;; This function is called by:
  1725 ;;		_main
  1726 ;; This function uses a non-reentrant model
  1727 ;;
  1728                           
  1729     0C76                     _esperar_timer:	
  1730                           ;psect for function _esperar_timer
  1731                           
  1732     0C76                     l2467:	
  1733                           ;incstack = 0
  1734                           ; Regs used in _esperar_timer: [wreg+status,2+status,0]
  1735                           
  1736                           
  1737                           ;main.c: 114:     tempo = slots_de_0_5s;
  1738     0C76  0874               	movf	esperar_timer@slots_de_0_5s+1,w
  1739     0C77  1683               	bsf	3,5	;RP0=1, select bank1
  1740     0C78  1303               	bcf	3,6	;RP1=0, select bank1
  1741     0C79  00A3               	movwf	(_tempo+1)^(0+128)	;volatile
  1742     0C7A  0873               	movf	esperar_timer@slots_de_0_5s,w
  1743     0C7B  00A2               	movwf	_tempo^(0+128)	;volatile
  1744     0C7C                     l2469:
  1745                           
  1746                           ;main.c: 115:     conta = 0;
  1747     0C7C  01A4               	clrf	_conta^(0+128)	;volatile
  1748     0C7D  01A5               	clrf	(_conta+1)^(0+128)	;volatile
  1749     0C7E                     l2471:
  1750                           
  1751                           ;main.c: 116:     flagtimer = 0;
  1752     0C7E  01F9               	clrf	_flagtimer	;volatile
  1753     0C7F  01FA               	clrf	_flagtimer+1	;volatile
  1754     0C80                     l2473:
  1755                           
  1756                           ;main.c: 119:     TMR1L = 0xDC;
  1757     0C80  30DC               	movlw	220
  1758     0C81  1283               	bcf	3,5	;RP0=0, select bank0
  1759     0C82  1303               	bcf	3,6	;RP1=0, select bank0
  1760     0C83  008E               	movwf	14	;volatile
  1761     0C84                     l2475:
  1762                           
  1763                           ;main.c: 120:     TMR1H = 0x0B;
  1764     0C84  300B               	movlw	11
  1765     0C85  008F               	movwf	15	;volatile
  1766     0C86                     l2477:
  1767                           
  1768                           ;main.c: 121:     T1CONbits.TMR1ON = 1;
  1769     0C86  1410               	bsf	16,0	;volatile
  1770                           
  1771                           ;main.c: 124:     while(flagtimer == 0) {
  1772     0C87  2C89               	goto	l2479
  1773     0C88                     l117:
  1774     0C88  0064               	clrwdt	;# 
  1775     0C89                     l2479:
  1776                           
  1777                           ;main.c: 124:     while(flagtimer == 0) {
  1778     0C89  0879               	movf	_flagtimer,w	;volatile
  1779     0C8A  047A               	iorwf	_flagtimer+1,w	;volatile
  1780     0C8B  1903               	btfsc	3,2
  1781     0C8C  2C8E               	goto	u2451
  1782     0C8D  2C8F               	goto	u2450
  1783     0C8E                     u2451:
  1784     0C8E  2C88               	goto	l117
  1785     0C8F                     u2450:
  1786     0C8F                     l118:
  1787                           
  1788                           ;main.c: 128:     T1CONbits.TMR1ON = 0;
  1789     0C8F  1283               	bcf	3,5	;RP0=0, select bank0
  1790     0C90  1303               	bcf	3,6	;RP1=0, select bank0
  1791     0C91  1010               	bcf	16,0	;volatile
  1792     0C92                     l2481:
  1793                           
  1794                           ;main.c: 129:     flagtimer = 0;
  1795     0C92  01F9               	clrf	_flagtimer	;volatile
  1796     0C93  01FA               	clrf	_flagtimer+1	;volatile
  1797     0C94                     l119:
  1798     0C94  0008               	return
  1799     0C95                     __end_of_esperar_timer:
  1800                           
  1801                           	psect	text2
  1802     060F                     __ptext2:	
  1803 ;; *************** function _displayPH *****************
  1804 ;; Defined at:
  1805 ;;		line 215 in file "main.c"
  1806 ;; Parameters:    Size  Location     Type
  1807 ;;		None
  1808 ;; Auto vars:     Size  Location     Type
  1809 ;;  buffer         16    0[BANK1 ] unsigned char [16]
  1810 ;;  p               2   20[BANK1 ] unsigned int 
  1811 ;; Return value:  Size  Location     Type
  1812 ;;                  1    wreg      void 
  1813 ;; Registers used:
  1814 ;;		wreg, fsr0l, fsr0h, status,2, status,0, pclath, btemp1, cstack
  1815 ;; Tracked objects:
  1816 ;;		On entry : 0/0
  1817 ;;		On exit  : 0/0
  1818 ;;		Unchanged: 0/0
  1819 ;; Data sizes:     COMMON   BANK0   BANK1   BANK3   BANK2
  1820 ;;      Params:         0       0       0       0       0
  1821 ;;      Locals:         0       0      22       0       0
  1822 ;;      Temps:          0       0       0       0       0
  1823 ;;      Totals:         0       0      22       0       0
  1824 ;;Total ram usage:       22 bytes
  1825 ;; Hardware stack levels used: 1
  1826 ;; Hardware stack levels required when called: 2
  1827 ;; This function calls:
  1828 ;;		_Lcd_Set_Cursor
  1829 ;;		_Lcd_Write_String
  1830 ;;		___lwdiv
  1831 ;;		___lwmod
  1832 ;;		_ler_ph
  1833 ;;		_sprintf
  1834 ;; This function is called by:
  1835 ;;		_main
  1836 ;; This function uses a non-reentrant model
  1837 ;;
  1838                           
  1839     060F                     _displayPH:	
  1840                           ;psect for function _displayPH
  1841                           
  1842     060F                     l2569:	
  1843                           ;incstack = 0
  1844                           ; Regs used in _displayPH: [wreg-fsr0h+status,2+status,0+pclath+btemp1+cstack]
  1845                           
  1846                           
  1847                           ;main.c: 216:     char buffer[16];;main.c: 217:     Lcd_Set_Cursor(1, 1);
  1848     060F  01F7               	clrf	Lcd_Set_Cursor@b
  1849     0610  0AF7               	incf	Lcd_Set_Cursor@b,f
  1850     0611  3001               	movlw	1
  1851     0612  120A  158A  27B2  120A  118A  	fcall	_Lcd_Set_Cursor
  1852     0617                     l2571:
  1853                           
  1854                           ;main.c: 218:     Lcd_Write_String("Ajuste de PH   ");
  1855     0617  307C               	movlw	(low ((STR_5-__stringbase)| (0+32768)))& (0+255)
  1856     0618  1283               	bcf	3,5	;RP0=0, select bank0
  1857     0619  1303               	bcf	3,6	;RP1=0, select bank0
  1858     061A  00A0               	movwf	Lcd_Write_String@a
  1859     061B  3080               	movlw	128
  1860     061C  00A1               	movwf	Lcd_Write_String@a+1
  1861     061D  120A  158A  2644  120A  118A  	fcall	_Lcd_Write_String
  1862     0622                     l2573:
  1863                           
  1864                           ;main.c: 219:     unsigned int p = ler_ph();
  1865     0622  120A  158A  271A  120A  118A  	fcall	_ler_ph
  1866     0627  1283               	bcf	3,5	;RP0=0, select bank0
  1867     0628  1303               	bcf	3,6	;RP1=0, select bank0
  1868     0629  0836               	movf	?_ler_ph+1,w
  1869     062A  1683               	bsf	3,5	;RP0=1, select bank1
  1870     062B  1303               	bcf	3,6	;RP1=0, select bank1
  1871     062C  00DB               	movwf	(displayPH@p+1)^(0+128)
  1872     062D  1283               	bcf	3,5	;RP0=0, select bank0
  1873     062E  1303               	bcf	3,6	;RP1=0, select bank0
  1874     062F  0835               	movf	?_ler_ph,w
  1875     0630  1683               	bsf	3,5	;RP0=1, select bank1
  1876     0631  1303               	bcf	3,6	;RP1=0, select bank1
  1877     0632  00DA               	movwf	displayPH@p^(0+128)
  1878     0633                     l2575:
  1879                           
  1880                           ;main.c: 220:     sprintf(buffer, "PH: %u.%02u ", p/100, p%100);
  1881     0633  3064               	movlw	100
  1882     0634  00F3               	movwf	___lwdiv@divisor
  1883     0635  3000               	movlw	0
  1884     0636  00F4               	movwf	___lwdiv@divisor+1
  1885     0637  085B               	movf	(displayPH@p+1)^(0+128),w
  1886     0638  00F6               	movwf	___lwdiv@dividend+1
  1887     0639  085A               	movf	displayPH@p^(0+128),w
  1888     063A  00F5               	movwf	___lwdiv@dividend
  1889     063B  120A  158A  2600  120A  118A  	fcall	___lwdiv
  1890     0640  0874               	movf	?___lwdiv+1,w
  1891     0641  1683               	bsf	3,5	;RP0=1, select bank1
  1892     0642  1303               	bcf	3,6	;RP1=0, select bank1
  1893     0643  00D7               	movwf	(_displayPH$1227+1)^(0+128)
  1894     0644  0873               	movf	?___lwdiv,w
  1895     0645  00D6               	movwf	_displayPH$1227^(0+128)
  1896     0646                     l2577:
  1897                           
  1898                           ;main.c: 220:     sprintf(buffer, "PH: %u.%02u ", p/100, p%100);
  1899     0646  3064               	movlw	100
  1900     0647  00F3               	movwf	___lwmod@divisor
  1901     0648  3000               	movlw	0
  1902     0649  00F4               	movwf	___lwmod@divisor+1
  1903     064A  085B               	movf	(displayPH@p+1)^(0+128),w
  1904     064B  00F6               	movwf	___lwmod@dividend+1
  1905     064C  085A               	movf	displayPH@p^(0+128),w
  1906     064D  00F5               	movwf	___lwmod@dividend
  1907     064E  120A  158A  258D  120A  118A  	fcall	___lwmod
  1908     0653  0874               	movf	?___lwmod+1,w
  1909     0654  1683               	bsf	3,5	;RP0=1, select bank1
  1910     0655  1303               	bcf	3,6	;RP1=0, select bank1
  1911     0656  00D9               	movwf	(_displayPH$1228+1)^(0+128)
  1912     0657  0873               	movf	?___lwmod,w
  1913     0658  00D8               	movwf	_displayPH$1228^(0+128)
  1914                           
  1915                           ;main.c: 220:     sprintf(buffer, "PH: %u.%02u ", p/100, p%100);
  1916     0659  30C6               	movlw	(low (displayPH@buffer| 0))& (0+255)
  1917     065A  1283               	bcf	3,5	;RP0=0, select bank0
  1918     065B  1303               	bcf	3,6	;RP1=0, select bank0
  1919     065C  00D1               	movwf	sprintf@s
  1920     065D  30AB               	movlw	(low ((STR_6-__stringbase)| (0+32768)))& (0+255)
  1921     065E  00D2               	movwf	sprintf@fmt
  1922     065F  1683               	bsf	3,5	;RP0=1, select bank1
  1923     0660  1303               	bcf	3,6	;RP1=0, select bank1
  1924     0661  0857               	movf	(_displayPH$1227+1)^(0+128),w
  1925     0662  1283               	bcf	3,5	;RP0=0, select bank0
  1926     0663  1303               	bcf	3,6	;RP1=0, select bank0
  1927     0664  00D4               	movwf	?_sprintf+3
  1928     0665  1683               	bsf	3,5	;RP0=1, select bank1
  1929     0666  1303               	bcf	3,6	;RP1=0, select bank1
  1930     0667  0856               	movf	_displayPH$1227^(0+128),w
  1931     0668  1283               	bcf	3,5	;RP0=0, select bank0
  1932     0669  1303               	bcf	3,6	;RP1=0, select bank0
  1933     066A  00D3               	movwf	?_sprintf+2
  1934     066B  1683               	bsf	3,5	;RP0=1, select bank1
  1935     066C  1303               	bcf	3,6	;RP1=0, select bank1
  1936     066D  0859               	movf	(_displayPH$1228+1)^(0+128),w
  1937     066E  1283               	bcf	3,5	;RP0=0, select bank0
  1938     066F  1303               	bcf	3,6	;RP1=0, select bank0
  1939     0670  00D6               	movwf	?_sprintf+5
  1940     0671  1683               	bsf	3,5	;RP0=1, select bank1
  1941     0672  1303               	bcf	3,6	;RP1=0, select bank1
  1942     0673  0858               	movf	_displayPH$1228^(0+128),w
  1943     0674  1283               	bcf	3,5	;RP0=0, select bank0
  1944     0675  1303               	bcf	3,6	;RP1=0, select bank0
  1945     0676  00D5               	movwf	?_sprintf+4
  1946     0677  120A  158A  24DA  120A  118A  	fcall	_sprintf
  1947     067C                     l2579:
  1948                           
  1949                           ;main.c: 221:     Lcd_Set_Cursor(2, 1);
  1950     067C  01F7               	clrf	Lcd_Set_Cursor@b
  1951     067D  0AF7               	incf	Lcd_Set_Cursor@b,f
  1952     067E  3002               	movlw	2
  1953     067F  120A  158A  27B2  120A  118A  	fcall	_Lcd_Set_Cursor
  1954     0684                     l2581:
  1955                           
  1956                           ;main.c: 222:     Lcd_Write_String(buffer);
  1957     0684  30C6               	movlw	(low (displayPH@buffer| 0))& (0+255)
  1958     0685  1283               	bcf	3,5	;RP0=0, select bank0
  1959     0686  1303               	bcf	3,6	;RP1=0, select bank0
  1960     0687  00A0               	movwf	Lcd_Write_String@a
  1961     0688  3000               	movlw	0
  1962     0689  00A1               	movwf	Lcd_Write_String@a+1
  1963     068A  120A  158A  2644  120A  118A  	fcall	_Lcd_Write_String
  1964     068F                     l131:
  1965     068F  0008               	return
  1966     0690                     __end_of_displayPH:
  1967                           
  1968                           	psect	text3
  1969     0ED2                     __ptext3:	
  1970 ;; *************** function _displayI *****************
  1971 ;; Defined at:
  1972 ;;		line 205 in file "main.c"
  1973 ;; Parameters:    Size  Location     Type
  1974 ;;		None
  1975 ;; Auto vars:     Size  Location     Type
  1976 ;;  buffer         16    0[BANK1 ] unsigned char [16]
  1977 ;; Return value:  Size  Location     Type
  1978 ;;                  1    wreg      void 
  1979 ;; Registers used:
  1980 ;;		wreg, fsr0l, fsr0h, status,2, status,0, pclath, btemp1, cstack
  1981 ;; Tracked objects:
  1982 ;;		On entry : 0/0
  1983 ;;		On exit  : 0/0
  1984 ;;		Unchanged: 0/0
  1985 ;; Data sizes:     COMMON   BANK0   BANK1   BANK3   BANK2
  1986 ;;      Params:         0       0       0       0       0
  1987 ;;      Locals:         0       0      16       0       0
  1988 ;;      Temps:          0       0       0       0       0
  1989 ;;      Totals:         0       0      16       0       0
  1990 ;;Total ram usage:       16 bytes
  1991 ;; Hardware stack levels used: 1
  1992 ;; Hardware stack levels required when called: 2
  1993 ;; This function calls:
  1994 ;;		_Lcd_Set_Cursor
  1995 ;;		_Lcd_Write_String
  1996 ;;		_ler_umidade
  1997 ;;		_sprintf
  1998 ;; This function is called by:
  1999 ;;		_main
  2000 ;; This function uses a non-reentrant model
  2001 ;;
  2002                           
  2003     0ED2                     _displayI:	
  2004                           ;psect for function _displayI
  2005                           
  2006     0ED2                     l2559:	
  2007                           ;incstack = 0
  2008                           ; Regs used in _displayI: [wreg-fsr0h+status,2+status,0+pclath+btemp1+cstack]
  2009                           
  2010                           
  2011                           ;main.c: 206:     char buffer[16];;main.c: 207:     sprintf(buffer, "Irrigacao!!");
  2012     0ED2  30C6               	movlw	(low (displayI@buffer| 0))& (0+255)
  2013     0ED3  1283               	bcf	3,5	;RP0=0, select bank0
  2014     0ED4  1303               	bcf	3,6	;RP1=0, select bank0
  2015     0ED5  00D1               	movwf	sprintf@s
  2016     0ED6  30C5               	movlw	(low ((STR_3-__stringbase)| (0+32768)))& (0+255)
  2017     0ED7  00D2               	movwf	sprintf@fmt
  2018     0ED8  120A  158A  24DA  120A  158A  	fcall	_sprintf
  2019     0EDD                     l2561:
  2020                           
  2021                           ;main.c: 208:     Lcd_Set_Cursor(1, 1);
  2022     0EDD  01F7               	clrf	Lcd_Set_Cursor@b
  2023     0EDE  0AF7               	incf	Lcd_Set_Cursor@b,f
  2024     0EDF  3001               	movlw	1
  2025     0EE0  120A  158A  27B2  120A  158A  	fcall	_Lcd_Set_Cursor
  2026     0EE5                     l2563:
  2027                           
  2028                           ;main.c: 209:     Lcd_Write_String(buffer);
  2029     0EE5  30C6               	movlw	(low (displayI@buffer| 0))& (0+255)
  2030     0EE6  1283               	bcf	3,5	;RP0=0, select bank0
  2031     0EE7  1303               	bcf	3,6	;RP1=0, select bank0
  2032     0EE8  00A0               	movwf	Lcd_Write_String@a
  2033     0EE9  3000               	movlw	0
  2034     0EEA  00A1               	movwf	Lcd_Write_String@a+1
  2035     0EEB  120A  158A  2644  120A  158A  	fcall	_Lcd_Write_String
  2036     0EF0                     l2565:
  2037                           
  2038                           ;main.c: 210:     sprintf(buffer, "Umidade: %u %%", ler_umidade());
  2039     0EF0  30C6               	movlw	(low (displayI@buffer| 0))& (0+255)
  2040     0EF1  1283               	bcf	3,5	;RP0=0, select bank0
  2041     0EF2  1303               	bcf	3,6	;RP1=0, select bank0
  2042     0EF3  00D1               	movwf	sprintf@s
  2043     0EF4  309C               	movlw	(low ((STR_4-__stringbase)| (0+32768)))& (0+255)
  2044     0EF5  00D2               	movwf	sprintf@fmt
  2045     0EF6  120A  158A  2766  120A  158A  	fcall	_ler_umidade
  2046     0EFB  1283               	bcf	3,5	;RP0=0, select bank0
  2047     0EFC  1303               	bcf	3,6	;RP1=0, select bank0
  2048     0EFD  0836               	movf	?_ler_umidade+1,w
  2049     0EFE  00D4               	movwf	?_sprintf+3
  2050     0EFF  0835               	movf	?_ler_umidade,w
  2051     0F00  00D3               	movwf	?_sprintf+2
  2052     0F01  120A  158A  24DA  120A  158A  	fcall	_sprintf
  2053     0F06                     l2567:
  2054                           
  2055                           ;main.c: 211:     Lcd_Set_Cursor(2, 1);
  2056     0F06  01F7               	clrf	Lcd_Set_Cursor@b
  2057     0F07  0AF7               	incf	Lcd_Set_Cursor@b,f
  2058     0F08  3002               	movlw	2
  2059     0F09  120A  158A  27B2  120A  158A  	fcall	_Lcd_Set_Cursor
  2060                           
  2061                           ;main.c: 212:     Lcd_Write_String(buffer);
  2062     0F0E  30C6               	movlw	(low (displayI@buffer| 0))& (0+255)
  2063     0F0F  1283               	bcf	3,5	;RP0=0, select bank0
  2064     0F10  1303               	bcf	3,6	;RP1=0, select bank0
  2065     0F11  00A0               	movwf	Lcd_Write_String@a
  2066     0F12  3000               	movlw	0
  2067     0F13  00A1               	movwf	Lcd_Write_String@a+1
  2068     0F14  120A  158A  2644  120A  158A  	fcall	_Lcd_Write_String
  2069     0F19                     l128:
  2070     0F19  0008               	return
  2071     0F1A                     __end_of_displayI:
  2072                           
  2073                           	psect	text4
  2074     02EF                     __ptext4:	
  2075 ;; *************** function _Lcd_Clear *****************
  2076 ;; Defined at:
  2077 ;;		line 34 in file "./lcd.h"
  2078 ;; Parameters:    Size  Location     Type
  2079 ;;		None
  2080 ;; Auto vars:     Size  Location     Type
  2081 ;;		None
  2082 ;; Return value:  Size  Location     Type
  2083 ;;                  1    wreg      void 
  2084 ;; Registers used:
  2085 ;;		wreg, status,2, status,0, pclath, cstack
  2086 ;; Tracked objects:
  2087 ;;		On entry : 0/0
  2088 ;;		On exit  : 0/0
  2089 ;;		Unchanged: 0/0
  2090 ;; Data sizes:     COMMON   BANK0   BANK1   BANK3   BANK2
  2091 ;;      Params:         0       0       0       0       0
  2092 ;;      Locals:         0       0       0       0       0
  2093 ;;      Temps:          0       0       0       0       0
  2094 ;;      Totals:         0       0       0       0       0
  2095 ;;Total ram usage:        0 bytes
  2096 ;; Hardware stack levels used: 1
  2097 ;; Hardware stack levels required when called: 2
  2098 ;; This function calls:
  2099 ;;		_Lcd_Cmd
  2100 ;; This function is called by:
  2101 ;;		_main
  2102 ;; This function uses a non-reentrant model
  2103 ;;
  2104                           
  2105     02EF                     _Lcd_Clear:	
  2106                           ;psect for function _Lcd_Clear
  2107                           
  2108     02EF                     l2465:	
  2109                           ;incstack = 0
  2110                           ; Regs used in _Lcd_Clear: [wreg+status,2+status,0+pclath+cstack]
  2111                           
  2112                           
  2113                           ;./lcd.h: 36:  Lcd_Cmd(0);
  2114     02EF  3000               	movlw	0
  2115     02F0  120A  158A  245C  120A  118A  	fcall	_Lcd_Cmd
  2116                           
  2117                           ;./lcd.h: 37:  Lcd_Cmd(1);
  2118     02F5  3001               	movlw	1
  2119     02F6  120A  158A  245C  120A  118A  	fcall	_Lcd_Cmd
  2120     02FB                     l73:
  2121     02FB  0008               	return
  2122     02FC                     __end_of_Lcd_Clear:
  2123                           
  2124                           	psect	text5
  2125     0D57                     __ptext5:	
  2126 ;; *************** function _Inicializacoes *****************
  2127 ;; Defined at:
  2128 ;;		line 132 in file "main.c"
  2129 ;; Parameters:    Size  Location     Type
  2130 ;;		None
  2131 ;; Auto vars:     Size  Location     Type
  2132 ;;		None
  2133 ;; Return value:  Size  Location     Type
  2134 ;;                  1    wreg      void 
  2135 ;; Registers used:
  2136 ;;		wreg, status,2, status,0, pclath, cstack
  2137 ;; Tracked objects:
  2138 ;;		On entry : 0/0
  2139 ;;		On exit  : 0/0
  2140 ;;		Unchanged: 0/0
  2141 ;; Data sizes:     COMMON   BANK0   BANK1   BANK3   BANK2
  2142 ;;      Params:         0       0       0       0       0
  2143 ;;      Locals:         0       0       0       0       0
  2144 ;;      Temps:          0       0       0       0       0
  2145 ;;      Totals:         0       0       0       0       0
  2146 ;;Total ram usage:        0 bytes
  2147 ;; Hardware stack levels used: 1
  2148 ;; Hardware stack levels required when called: 3
  2149 ;; This function calls:
  2150 ;;		_Lcd_Init
  2151 ;; This function is called by:
  2152 ;;		_main
  2153 ;; This function uses a non-reentrant model
  2154 ;;
  2155                           
  2156     0D57                     _Inicializacoes:	
  2157                           ;psect for function _Inicializacoes
  2158                           
  2159     0D57                     l2483:	
  2160                           ;incstack = 0
  2161                           ; Regs used in _Inicializacoes: [wreg+status,2+status,0+pclath+cstack]
  2162                           
  2163                           
  2164                           ;main.c: 134:     TRISB = 0b11111111;
  2165     0D57  30FF               	movlw	255
  2166     0D58  1683               	bsf	3,5	;RP0=1, select bank1
  2167     0D59  1303               	bcf	3,6	;RP1=0, select bank1
  2168     0D5A  0086               	movwf	6	;volatile
  2169     0D5B                     l2485:
  2170                           
  2171                           ;main.c: 135:     TRISD = 0b00000000;
  2172     0D5B  0188               	clrf	8	;volatile
  2173                           
  2174                           ;main.c: 136:     TRISC = 0b00000000;
  2175     0D5C  0187               	clrf	7	;volatile
  2176     0D5D                     l2487:
  2177                           
  2178                           ;main.c: 140:     OPTION_REGbits.nRBPU = 0;
  2179     0D5D  1381               	bcf	1,7	;volatile
  2180     0D5E                     l2489:
  2181                           
  2182                           ;main.c: 141:     OPTION_REGbits.INTEDG = 0;
  2183     0D5E  1301               	bcf	1,6	;volatile
  2184     0D5F                     l2491:
  2185                           
  2186                           ;main.c: 145:     OPTION_REGbits.PSA = 1;
  2187     0D5F  1581               	bsf	1,3	;volatile
  2188     0D60                     l2493:
  2189                           
  2190                           ;main.c: 146:     OPTION_REGbits.PS0 = 1;
  2191     0D60  1401               	bsf	1,0	;volatile
  2192     0D61                     l2495:
  2193                           
  2194                           ;main.c: 147:     OPTION_REGbits.PS1 = 1;
  2195     0D61  1481               	bsf	1,1	;volatile
  2196     0D62                     l2497:
  2197                           
  2198                           ;main.c: 148:     OPTION_REGbits.PS2 = 1;
  2199     0D62  1501               	bsf	1,2	;volatile
  2200     0D63                     l2499:
  2201                           
  2202                           ;main.c: 151:     INTCONbits.GIE = 1;
  2203     0D63  178B               	bsf	11,7	;volatile
  2204     0D64                     l2501:
  2205                           
  2206                           ;main.c: 152:     INTCONbits.INTE = 1;
  2207     0D64  160B               	bsf	11,4	;volatile
  2208     0D65                     l2503:
  2209                           
  2210                           ;main.c: 153:     INTCONbits.PEIE = 1;
  2211     0D65  170B               	bsf	11,6	;volatile
  2212     0D66                     l2505:
  2213                           
  2214                           ;main.c: 154:     PIE1bits.TMR1IE = 1;
  2215     0D66  140C               	bsf	12,0	;volatile
  2216     0D67                     l2507:
  2217                           
  2218                           ;main.c: 157:     T1CONbits.TMR1CS = 0;
  2219     0D67  1283               	bcf	3,5	;RP0=0, select bank0
  2220     0D68  1303               	bcf	3,6	;RP1=0, select bank0
  2221     0D69  1090               	bcf	16,1	;volatile
  2222     0D6A                     l2509:
  2223                           
  2224                           ;main.c: 158:     T1CONbits.T1CKPS0 = 1;
  2225     0D6A  1610               	bsf	16,4	;volatile
  2226     0D6B                     l2511:
  2227                           
  2228                           ;main.c: 159:     T1CONbits.T1CKPS1 = 1;
  2229     0D6B  1690               	bsf	16,5	;volatile
  2230     0D6C                     l2513:
  2231                           
  2232                           ;main.c: 161:     TMR1L = 0xDC;
  2233     0D6C  30DC               	movlw	220
  2234     0D6D  008E               	movwf	14	;volatile
  2235     0D6E                     l2515:
  2236                           
  2237                           ;main.c: 162:     TMR1H = 0x0B;
  2238     0D6E  300B               	movlw	11
  2239     0D6F  008F               	movwf	15	;volatile
  2240     0D70                     l2517:
  2241                           
  2242                           ;main.c: 163:     T1CONbits.TMR1ON = 0;
  2243     0D70  1010               	bcf	16,0	;volatile
  2244     0D71                     l2519:
  2245                           
  2246                           ;main.c: 166:     ADCON1bits.PCFG0 = 0;
  2247     0D71  1683               	bsf	3,5	;RP0=1, select bank1
  2248     0D72  1303               	bcf	3,6	;RP1=0, select bank1
  2249     0D73  101F               	bcf	31,0	;volatile
  2250     0D74                     l2521:
  2251                           
  2252                           ;main.c: 167:     ADCON1bits.PCFG1 = 0;
  2253     0D74  109F               	bcf	31,1	;volatile
  2254     0D75                     l2523:
  2255                           
  2256                           ;main.c: 168:     ADCON1bits.PCFG2 = 0;
  2257     0D75  111F               	bcf	31,2	;volatile
  2258     0D76                     l2525:
  2259                           
  2260                           ;main.c: 169:     ADCON1bits.PCFG3 = 0;
  2261     0D76  119F               	bcf	31,3	;volatile
  2262     0D77                     l2527:
  2263                           
  2264                           ;main.c: 170:     ADCON0bits.ADCS0 = 0;
  2265     0D77  1283               	bcf	3,5	;RP0=0, select bank0
  2266     0D78  1303               	bcf	3,6	;RP1=0, select bank0
  2267     0D79  131F               	bcf	31,6	;volatile
  2268     0D7A                     l2529:
  2269                           
  2270                           ;main.c: 171:     ADCON0bits.ADCS1 = 0;
  2271     0D7A  139F               	bcf	31,7	;volatile
  2272     0D7B                     l2531:
  2273                           
  2274                           ;main.c: 172:     ADCON1bits.ADFM = 1;
  2275     0D7B  1683               	bsf	3,5	;RP0=1, select bank1
  2276     0D7C  1303               	bcf	3,6	;RP1=0, select bank1
  2277     0D7D  179F               	bsf	31,7	;volatile
  2278                           
  2279                           ;main.c: 173:     ADRESL = 0x00;
  2280     0D7E  019E               	clrf	30	;volatile
  2281                           
  2282                           ;main.c: 174:     ADRESH = 0x00;
  2283     0D7F  1283               	bcf	3,5	;RP0=0, select bank0
  2284     0D80  1303               	bcf	3,6	;RP1=0, select bank0
  2285     0D81  019E               	clrf	30	;volatile
  2286     0D82                     l2533:
  2287                           
  2288                           ;main.c: 175:     ADCON0bits.ADON = 1;
  2289     0D82  141F               	bsf	31,0	;volatile
  2290     0D83                     l2535:
  2291                           
  2292                           ;main.c: 177:     Lcd_Init();
  2293     0D83  120A  118A  2774  120A  158A  	fcall	_Lcd_Init
  2294     0D88                     l2537:
  2295                           
  2296                           ;main.c: 178:     PORTD = 0x00;
  2297     0D88  1283               	bcf	3,5	;RP0=0, select bank0
  2298     0D89  1303               	bcf	3,6	;RP1=0, select bank0
  2299     0D8A  0188               	clrf	8	;volatile
  2300     0D8B                     l2539:
  2301                           
  2302                           ;main.c: 179:     PORTC = 0x00;
  2303     0D8B  0187               	clrf	7	;volatile
  2304     0D8C                     l122:
  2305     0D8C  0008               	return
  2306     0D8D                     __end_of_Inicializacoes:
  2307                           
  2308                           	psect	text6
  2309     0774                     __ptext6:	
  2310 ;; *************** function _Lcd_Init *****************
  2311 ;; Defined at:
  2312 ;;		line 61 in file "./lcd.h"
  2313 ;; Parameters:    Size  Location     Type
  2314 ;;		None
  2315 ;; Auto vars:     Size  Location     Type
  2316 ;;		None
  2317 ;; Return value:  Size  Location     Type
  2318 ;;                  1    wreg      void 
  2319 ;; Registers used:
  2320 ;;		wreg, status,2, status,0, pclath, cstack
  2321 ;; Tracked objects:
  2322 ;;		On entry : 0/0
  2323 ;;		On exit  : 0/0
  2324 ;;		Unchanged: 0/0
  2325 ;; Data sizes:     COMMON   BANK0   BANK1   BANK3   BANK2
  2326 ;;      Params:         0       0       0       0       0
  2327 ;;      Locals:         0       0       0       0       0
  2328 ;;      Temps:          2       0       0       0       0
  2329 ;;      Totals:         2       0       0       0       0
  2330 ;;Total ram usage:        2 bytes
  2331 ;; Hardware stack levels used: 1
  2332 ;; Hardware stack levels required when called: 2
  2333 ;; This function calls:
  2334 ;;		_Lcd_Cmd
  2335 ;;		_Lcd_Port
  2336 ;; This function is called by:
  2337 ;;		_Inicializacoes
  2338 ;; This function uses a non-reentrant model
  2339 ;;
  2340                           
  2341     0774                     _Lcd_Init:	
  2342                           ;psect for function _Lcd_Init
  2343                           
  2344     0774                     l2409:	
  2345                           ;incstack = 0
  2346                           ; Regs used in _Lcd_Init: [wreg+status,2+status,0+pclath+cstack]
  2347                           
  2348                           
  2349                           ;./lcd.h: 63:   Lcd_Port(0x00);
  2350     0774  3000               	movlw	0
  2351     0775  120A  158A  2495  120A  118A  	fcall	_Lcd_Port
  2352     077A                     l2411:
  2353                           
  2354                           ;./lcd.h: 64:    _delay((unsigned long)((20)*(4000000/4000.0)));
  2355     077A  301A               	movlw	26
  2356     077B  00F8               	movwf	??_Lcd_Init+1
  2357     077C  30F8               	movlw	248
  2358     077D  00F7               	movwf	??_Lcd_Init
  2359     077E                     u2677:
  2360     077E  0BF7               	decfsz	??_Lcd_Init,f
  2361     077F  2F7E               	goto	u2677
  2362     0780  0BF8               	decfsz	??_Lcd_Init+1,f
  2363     0781  2F7E               	goto	u2677
  2364     0782  0000               	nop
  2365     0783                     l2413:
  2366                           
  2367                           ;./lcd.h: 65:   Lcd_Cmd(0x03);
  2368     0783  3003               	movlw	3
  2369     0784  120A  158A  245C  120A  118A  	fcall	_Lcd_Cmd
  2370                           
  2371                           ;./lcd.h: 66:  _delay((unsigned long)((5)*(4000000/4000.0)));
  2372     0789  3007               	movlw	7
  2373     078A  00F8               	movwf	??_Lcd_Init+1
  2374     078B  307D               	movlw	125
  2375     078C  00F7               	movwf	??_Lcd_Init
  2376     078D                     u2687:
  2377     078D  0BF7               	decfsz	??_Lcd_Init,f
  2378     078E  2F8D               	goto	u2687
  2379     078F  0BF8               	decfsz	??_Lcd_Init+1,f
  2380     0790  2F8D               	goto	u2687
  2381     0791                     l2415:
  2382                           
  2383                           ;./lcd.h: 67:   Lcd_Cmd(0x03);
  2384     0791  3003               	movlw	3
  2385     0792  120A  158A  245C  120A  118A  	fcall	_Lcd_Cmd
  2386     0797                     l2417:
  2387                           
  2388                           ;./lcd.h: 68:  _delay((unsigned long)((11)*(4000000/4000.0)));
  2389     0797  300F               	movlw	15
  2390     0798  00F8               	movwf	??_Lcd_Init+1
  2391     0799  3047               	movlw	71
  2392     079A  00F7               	movwf	??_Lcd_Init
  2393     079B                     u2697:
  2394     079B  0BF7               	decfsz	??_Lcd_Init,f
  2395     079C  2F9B               	goto	u2697
  2396     079D  0BF8               	decfsz	??_Lcd_Init+1,f
  2397     079E  2F9B               	goto	u2697
  2398     079F  2FA0               	nop2
  2399                           
  2400                           ;./lcd.h: 69:   Lcd_Cmd(0x03);
  2401     07A0  3003               	movlw	3
  2402     07A1  120A  158A  245C  120A  118A  	fcall	_Lcd_Cmd
  2403                           
  2404                           ;./lcd.h: 71:   Lcd_Cmd(0x02);
  2405     07A6  3002               	movlw	2
  2406     07A7  120A  158A  245C  120A  118A  	fcall	_Lcd_Cmd
  2407                           
  2408                           ;./lcd.h: 72:   Lcd_Cmd(0x02);
  2409     07AC  3002               	movlw	2
  2410     07AD  120A  158A  245C  120A  118A  	fcall	_Lcd_Cmd
  2411                           
  2412                           ;./lcd.h: 73:   Lcd_Cmd(0x08);
  2413     07B2  3008               	movlw	8
  2414     07B3  120A  158A  245C  120A  118A  	fcall	_Lcd_Cmd
  2415                           
  2416                           ;./lcd.h: 74:   Lcd_Cmd(0x00);
  2417     07B8  3000               	movlw	0
  2418     07B9  120A  158A  245C  120A  118A  	fcall	_Lcd_Cmd
  2419                           
  2420                           ;./lcd.h: 75:   Lcd_Cmd(0x0C);
  2421     07BE  300C               	movlw	12
  2422     07BF  120A  158A  245C  120A  118A  	fcall	_Lcd_Cmd
  2423                           
  2424                           ;./lcd.h: 76:   Lcd_Cmd(0x00);
  2425     07C4  3000               	movlw	0
  2426     07C5  120A  158A  245C  120A  118A  	fcall	_Lcd_Cmd
  2427                           
  2428                           ;./lcd.h: 77:   Lcd_Cmd(0x06);
  2429     07CA  3006               	movlw	6
  2430     07CB  120A  158A  245C  120A  118A  	fcall	_Lcd_Cmd
  2431     07D0                     l82:
  2432     07D0  0008               	return
  2433     07D1                     __end_of_Lcd_Init:
  2434                           
  2435                           	psect	text7
  2436     04B6                     __ptext7:	
  2437 ;; *************** function _EmEspera *****************
  2438 ;; Defined at:
  2439 ;;		line 184 in file "main.c"
  2440 ;; Parameters:    Size  Location     Type
  2441 ;;		None
  2442 ;; Auto vars:     Size  Location     Type
  2443 ;;  buffer         16    0[BANK1 ] unsigned char [16]
  2444 ;;  ph_val          2   22[BANK1 ] unsigned int 
  2445 ;;  umid            2   16[BANK1 ] unsigned int 
  2446 ;; Return value:  Size  Location     Type
  2447 ;;                  1    wreg      void 
  2448 ;; Registers used:
  2449 ;;		wreg, fsr0l, fsr0h, status,2, status,0, pclath, btemp1, cstack
  2450 ;; Tracked objects:
  2451 ;;		On entry : 0/0
  2452 ;;		On exit  : 0/0
  2453 ;;		Unchanged: 0/0
  2454 ;; Data sizes:     COMMON   BANK0   BANK1   BANK3   BANK2
  2455 ;;      Params:         0       0       0       0       0
  2456 ;;      Locals:         0       0      24       0       0
  2457 ;;      Temps:          0       3       0       0       0
  2458 ;;      Totals:         0       3      24       0       0
  2459 ;;Total ram usage:       27 bytes
  2460 ;; Hardware stack levels used: 1
  2461 ;; Hardware stack levels required when called: 8
  2462 ;; This function calls:
  2463 ;;		_Lcd_Set_Cursor
  2464 ;;		_Lcd_Write_String
  2465 ;;		___lwdiv
  2466 ;;		___lwmod
  2467 ;;		_ler_ph
  2468 ;;		_ler_umidade
  2469 ;;		_sprintf
  2470 ;; This function is called by:
  2471 ;;		_main
  2472 ;; This function uses a non-reentrant model
  2473 ;;
  2474                           
  2475     04B6                     _EmEspera:	
  2476                           ;psect for function _EmEspera
  2477                           
  2478     04B6                     l2541:	
  2479                           ;incstack = 0
  2480 ;; hardware stack exceeded
  2481                           ; Regs used in _EmEspera: [wreg-fsr0h+status,2+status,0+pclath+btemp1+cstack]
  2482                           
  2483                           
  2484                           ;main.c: 185:     char buffer[16];;main.c: 188:     unsigned int umid = ler_umidade();
  2485     04B6  120A  158A  2766  120A  118A  	fcall	_ler_umidade
  2486     04BB  1283               	bcf	3,5	;RP0=0, select bank0
  2487     04BC  1303               	bcf	3,6	;RP1=0, select bank0
  2488     04BD  0836               	movf	?_ler_umidade+1,w
  2489     04BE  1683               	bsf	3,5	;RP0=1, select bank1
  2490     04BF  1303               	bcf	3,6	;RP1=0, select bank1
  2491     04C0  00D7               	movwf	(EmEspera@umid+1)^(0+128)
  2492     04C1  1283               	bcf	3,5	;RP0=0, select bank0
  2493     04C2  1303               	bcf	3,6	;RP1=0, select bank0
  2494     04C3  0835               	movf	?_ler_umidade,w
  2495     04C4  1683               	bsf	3,5	;RP0=1, select bank1
  2496     04C5  1303               	bcf	3,6	;RP1=0, select bank1
  2497     04C6  00D6               	movwf	EmEspera@umid^(0+128)
  2498     04C7                     l2543:
  2499                           
  2500                           ;main.c: 189:     sprintf(buffer, "Umidade: %u %%     ", umid);
  2501     04C7  30C6               	movlw	(low (EmEspera@buffer| 0))& (0+255)
  2502     04C8  1283               	bcf	3,5	;RP0=0, select bank0
  2503     04C9  1303               	bcf	3,6	;RP1=0, select bank0
  2504     04CA  00D1               	movwf	sprintf@s
  2505     04CB  3022               	movlw	(low ((STR_1-__stringbase)| (0+32768)))& (0+255)
  2506     04CC  00D2               	movwf	sprintf@fmt
  2507     04CD  1683               	bsf	3,5	;RP0=1, select bank1
  2508     04CE  1303               	bcf	3,6	;RP1=0, select bank1
  2509     04CF  0857               	movf	(EmEspera@umid+1)^(0+128),w
  2510     04D0  1283               	bcf	3,5	;RP0=0, select bank0
  2511     04D1  1303               	bcf	3,6	;RP1=0, select bank0
  2512     04D2  00D4               	movwf	?_sprintf+3
  2513     04D3  1683               	bsf	3,5	;RP0=1, select bank1
  2514     04D4  1303               	bcf	3,6	;RP1=0, select bank1
  2515     04D5  0856               	movf	EmEspera@umid^(0+128),w
  2516     04D6  1283               	bcf	3,5	;RP0=0, select bank0
  2517     04D7  1303               	bcf	3,6	;RP1=0, select bank0
  2518     04D8  00D3               	movwf	?_sprintf+2
  2519     04D9  120A  158A  24DA  120A  118A  	fcall	_sprintf
  2520     04DE                     l2545:
  2521                           
  2522                           ;main.c: 190:     Lcd_Set_Cursor(1, 1);
  2523     04DE  01F7               	clrf	Lcd_Set_Cursor@b
  2524     04DF  0AF7               	incf	Lcd_Set_Cursor@b,f
  2525     04E0  3001               	movlw	1
  2526     04E1  120A  158A  27B2  120A  118A  	fcall	_Lcd_Set_Cursor
  2527                           
  2528                           ;main.c: 191:     Lcd_Write_String(buffer);
  2529     04E6  30C6               	movlw	(low (EmEspera@buffer| 0))& (0+255)
  2530     04E7  1283               	bcf	3,5	;RP0=0, select bank0
  2531     04E8  1303               	bcf	3,6	;RP1=0, select bank0
  2532     04E9  00A0               	movwf	Lcd_Write_String@a
  2533     04EA  3000               	movlw	0
  2534     04EB  00A1               	movwf	Lcd_Write_String@a+1
  2535     04EC  120A  158A  2644  120A  118A  	fcall	_Lcd_Write_String
  2536     04F1                     l2547:
  2537                           
  2538                           ;main.c: 194:     unsigned int ph_val = ler_ph();
  2539     04F1  120A  158A  271A  120A  118A  	fcall	_ler_ph
  2540     04F6  1283               	bcf	3,5	;RP0=0, select bank0
  2541     04F7  1303               	bcf	3,6	;RP1=0, select bank0
  2542     04F8  0836               	movf	?_ler_ph+1,w
  2543     04F9  1683               	bsf	3,5	;RP0=1, select bank1
  2544     04FA  1303               	bcf	3,6	;RP1=0, select bank1
  2545     04FB  00DD               	movwf	(EmEspera@ph_val+1)^(0+128)
  2546     04FC  1283               	bcf	3,5	;RP0=0, select bank0
  2547     04FD  1303               	bcf	3,6	;RP1=0, select bank0
  2548     04FE  0835               	movf	?_ler_ph,w
  2549     04FF  1683               	bsf	3,5	;RP0=1, select bank1
  2550     0500  1303               	bcf	3,6	;RP1=0, select bank1
  2551     0501  00DC               	movwf	EmEspera@ph_val^(0+128)
  2552     0502                     l2549:
  2553                           
  2554                           ;main.c: 196:     sprintf(buffer, "pH: %u.%02u             ", ph_val/100, ph_val%100);
  2555     0502  3064               	movlw	100
  2556     0503  00F3               	movwf	___lwdiv@divisor
  2557     0504  3000               	movlw	0
  2558     0505  00F4               	movwf	___lwdiv@divisor+1
  2559     0506  085D               	movf	(EmEspera@ph_val+1)^(0+128),w
  2560     0507  00F6               	movwf	___lwdiv@dividend+1
  2561     0508  085C               	movf	EmEspera@ph_val^(0+128),w
  2562     0509  00F5               	movwf	___lwdiv@dividend
  2563     050A  120A  158A  2600  120A  118A  	fcall	___lwdiv
  2564     050F  0874               	movf	?___lwdiv+1,w
  2565     0510  1683               	bsf	3,5	;RP0=1, select bank1
  2566     0511  1303               	bcf	3,6	;RP1=0, select bank1
  2567     0512  00D9               	movwf	(_EmEspera$1225+1)^(0+128)
  2568     0513  0873               	movf	?___lwdiv,w
  2569     0514  00D8               	movwf	_EmEspera$1225^(0+128)
  2570     0515                     l2551:
  2571                           
  2572                           ;main.c: 196:     sprintf(buffer, "pH: %u.%02u             ", ph_val/100, ph_val%100);
  2573     0515  3064               	movlw	100
  2574     0516  00F3               	movwf	___lwmod@divisor
  2575     0517  3000               	movlw	0
  2576     0518  00F4               	movwf	___lwmod@divisor+1
  2577     0519  085D               	movf	(EmEspera@ph_val+1)^(0+128),w
  2578     051A  00F6               	movwf	___lwmod@dividend+1
  2579     051B  085C               	movf	EmEspera@ph_val^(0+128),w
  2580     051C  00F5               	movwf	___lwmod@dividend
  2581     051D  120A  158A  258D  120A  118A  	fcall	___lwmod
  2582     0522  0874               	movf	?___lwmod+1,w
  2583     0523  1683               	bsf	3,5	;RP0=1, select bank1
  2584     0524  1303               	bcf	3,6	;RP1=0, select bank1
  2585     0525  00DB               	movwf	(_EmEspera$1226+1)^(0+128)
  2586     0526  0873               	movf	?___lwmod,w
  2587     0527  00DA               	movwf	_EmEspera$1226^(0+128)
  2588     0528                     l2553:
  2589                           
  2590                           ;main.c: 196:     sprintf(buffer, "pH: %u.%02u             ", ph_val/100, ph_val%100);
  2591     0528  30C6               	movlw	(low (EmEspera@buffer| 0))& (0+255)
  2592     0529  1283               	bcf	3,5	;RP0=0, select bank0
  2593     052A  1303               	bcf	3,6	;RP1=0, select bank0
  2594     052B  00D1               	movwf	sprintf@s
  2595     052C  3009               	movlw	(low ((STR_2-__stringbase)| (0+32768)))& (0+255)
  2596     052D  00D2               	movwf	sprintf@fmt
  2597     052E  1683               	bsf	3,5	;RP0=1, select bank1
  2598     052F  1303               	bcf	3,6	;RP1=0, select bank1
  2599     0530  0859               	movf	(_EmEspera$1225+1)^(0+128),w
  2600     0531  1283               	bcf	3,5	;RP0=0, select bank0
  2601     0532  1303               	bcf	3,6	;RP1=0, select bank0
  2602     0533  00D4               	movwf	?_sprintf+3
  2603     0534  1683               	bsf	3,5	;RP0=1, select bank1
  2604     0535  1303               	bcf	3,6	;RP1=0, select bank1
  2605     0536  0858               	movf	_EmEspera$1225^(0+128),w
  2606     0537  1283               	bcf	3,5	;RP0=0, select bank0
  2607     0538  1303               	bcf	3,6	;RP1=0, select bank0
  2608     0539  00D3               	movwf	?_sprintf+2
  2609     053A  1683               	bsf	3,5	;RP0=1, select bank1
  2610     053B  1303               	bcf	3,6	;RP1=0, select bank1
  2611     053C  085B               	movf	(_EmEspera$1226+1)^(0+128),w
  2612     053D  1283               	bcf	3,5	;RP0=0, select bank0
  2613     053E  1303               	bcf	3,6	;RP1=0, select bank0
  2614     053F  00D6               	movwf	?_sprintf+5
  2615     0540  1683               	bsf	3,5	;RP0=1, select bank1
  2616     0541  1303               	bcf	3,6	;RP1=0, select bank1
  2617     0542  085A               	movf	_EmEspera$1226^(0+128),w
  2618     0543  1283               	bcf	3,5	;RP0=0, select bank0
  2619     0544  1303               	bcf	3,6	;RP1=0, select bank0
  2620     0545  00D5               	movwf	?_sprintf+4
  2621     0546  120A  158A  24DA  120A  118A  	fcall	_sprintf
  2622                           
  2623                           ;main.c: 197:     Lcd_Set_Cursor(2, 1);
  2624     054B  01F7               	clrf	Lcd_Set_Cursor@b
  2625     054C  0AF7               	incf	Lcd_Set_Cursor@b,f
  2626     054D  3002               	movlw	2
  2627     054E  120A  158A  27B2  120A  118A  	fcall	_Lcd_Set_Cursor
  2628     0553                     l2555:
  2629                           
  2630                           ;main.c: 198:     Lcd_Write_String(buffer);
  2631     0553  30C6               	movlw	(low (EmEspera@buffer| 0))& (0+255)
  2632     0554  1283               	bcf	3,5	;RP0=0, select bank0
  2633     0555  1303               	bcf	3,6	;RP1=0, select bank0
  2634     0556  00A0               	movwf	Lcd_Write_String@a
  2635     0557  3000               	movlw	0
  2636     0558  00A1               	movwf	Lcd_Write_String@a+1
  2637     0559  120A  158A  2644  120A  118A  	fcall	_Lcd_Write_String
  2638     055E                     l2557:
  2639                           
  2640                           ;main.c: 201:     _delay((unsigned long)((200)*(4000000/4000.0)));
  2641     055E  3002               	movlw	2
  2642     055F  1283               	bcf	3,5	;RP0=0, select bank0
  2643     0560  1303               	bcf	3,6	;RP1=0, select bank0
  2644     0561  00E6               	movwf	??_EmEspera+2
  2645     0562  3004               	movlw	4
  2646     0563  00E5               	movwf	??_EmEspera+1
  2647     0564  30B9               	movlw	185
  2648     0565  00E4               	movwf	??_EmEspera
  2649     0566                     u2707:
  2650     0566  0BE4               	decfsz	??_EmEspera,f
  2651     0567  2D66               	goto	u2707
  2652     0568  0BE5               	decfsz	??_EmEspera+1,f
  2653     0569  2D66               	goto	u2707
  2654     056A  0BE6               	decfsz	??_EmEspera+2,f
  2655     056B  2D66               	goto	u2707
  2656     056C  2D6D               	nop2
  2657     056D  0064               	clrwdt	;# 
  2658     056E                     l125:
  2659     056E  0008               	return
  2660     056F                     __end_of_EmEspera:
  2661                           
  2662                           	psect	text8
  2663     0CDA                     __ptext8:	
  2664 ;; *************** function _sprintf *****************
  2665 ;; Defined at:
  2666 ;;		line 9 in file "C:\Program Files\Microchip\xc8\v3.10\pic\sources\c99\common\nf_sprintf.c"
  2667 ;; Parameters:    Size  Location     Type
  2668 ;;  s               1   49[BANK0 ] PTR unsigned char 
  2669 ;;		 -> displayPH@buffer(16), displayI@buffer(16), EmEspera@buffer(16), 
  2670 ;;  fmt             1   50[BANK0 ] PTR const unsigned char 
  2671 ;;		 -> STR_6(13), STR_4(15), STR_3(12), STR_2(25), 
  2672 ;;		 -> STR_1(20), 
  2673 ;; Auto vars:     Size  Location     Type
  2674 ;;  f              11   57[BANK0 ] struct _IO_FILE
  2675 ;;  ret             2    0        int 
  2676 ;;  ap              1   56[BANK0 ] PTR void [1]
  2677 ;;		 -> ?_sprintf(2), 
  2678 ;; Return value:  Size  Location     Type
  2679 ;;                  2   49[BANK0 ] int 
  2680 ;; Registers used:
  2681 ;;		wreg, fsr0l, fsr0h, status,2, status,0, pclath, btemp1, cstack
  2682 ;; Tracked objects:
  2683 ;;		On entry : 0/0
  2684 ;;		On exit  : 0/0
  2685 ;;		Unchanged: 0/0
  2686 ;; Data sizes:     COMMON   BANK0   BANK1   BANK3   BANK2
  2687 ;;      Params:         0       6       0       0       0
  2688 ;;      Locals:         0      12       0       0       0
  2689 ;;      Temps:          0       1       0       0       0
  2690 ;;      Totals:         0      19       0       0       0
  2691 ;;Total ram usage:       19 bytes
  2692 ;; Hardware stack levels used: 1
  2693 ;; Hardware stack levels required when called: 1
  2694 ;; This function calls:
  2695 ;;		_vfprintf
  2696 ;; This function is called by:
  2697 ;;		_EmEspera
  2698 ;;		_displayI
  2699 ;;		_displayPH
  2700 ;; This function uses a non-reentrant model
  2701 ;;
  2702                           
  2703     0CDA                     _sprintf:	
  2704                           ;psect for function _sprintf
  2705                           
  2706     0CDA                     l2439:	
  2707                           ;incstack = 0
  2708                           ; Regs used in _sprintf: [wreg-fsr0h+status,2+status,0+pclath+btemp1+cstack]
  2709                           
  2710     0CDA  3053               	movlw	(low ((?_sprintf| 0+2)))& (0+255)
  2711     0CDB  1283               	bcf	3,5	;RP0=0, select bank0
  2712     0CDC  1303               	bcf	3,6	;RP1=0, select bank0
  2713     0CDD  00D8               	movwf	sprintf@ap
  2714     0CDE                     l2441:
  2715     0CDE  0851               	movf	sprintf@s,w
  2716     0CDF  00D9               	movwf	sprintf@f
  2717     0CE0  3000               	movlw	0
  2718     0CE1  00DA               	movwf	sprintf@f+1
  2719     0CE2                     l2443:
  2720     0CE2  01DB               	clrf	sprintf@f+2
  2721     0CE3  01DC               	clrf	sprintf@f+3
  2722     0CE4                     l2445:
  2723     0CE4  01E2               	clrf	sprintf@f+9
  2724     0CE5  01E3               	clrf	sprintf@f+10
  2725     0CE6                     l2447:
  2726     0CE6  3059               	movlw	low sprintf@f
  2727     0CE7  00CC               	movwf	vfprintf@fp
  2728     0CE8  3000               	movlw	high sprintf@f
  2729     0CE9  00CD               	movwf	vfprintf@fp+1
  2730     0CEA  0852               	movf	sprintf@fmt,w
  2731     0CEB  00CE               	movwf	vfprintf@fmt
  2732     0CEC  3058               	movlw	(low (sprintf@ap| 0))& (0+255)
  2733     0CED  00CF               	movwf	vfprintf@ap
  2734     0CEE  120A  158A  24B7  120A  158A  	fcall	_vfprintf
  2735     0CF3                     l2449:
  2736     0CF3  1283               	bcf	3,5	;RP0=0, select bank0
  2737     0CF4  1303               	bcf	3,6	;RP1=0, select bank0
  2738     0CF5  085B               	movf	sprintf@f+2,w
  2739     0CF6  0751               	addwf	sprintf@s,w
  2740     0CF7  00D7               	movwf	??_sprintf
  2741     0CF8  0857               	movf	??_sprintf,w
  2742     0CF9  0084               	movwf	4
  2743     0CFA  1383               	bcf	3,7	;select IRP bank0
  2744     0CFB  0180               	clrf	0
  2745     0CFC                     l738:
  2746     0CFC  0008               	return
  2747     0CFD                     __end_of_sprintf:
  2748                           
  2749                           	psect	text9
  2750     0CB7                     __ptext9:	
  2751 ;; *************** function _vfprintf *****************
  2752 ;; Defined at:
  2753 ;;		line 1817 in file "C:\Program Files\Microchip\xc8\v3.10\pic\sources\c99\common\doprnt.c"
  2754 ;; Parameters:    Size  Location     Type
  2755 ;;  fp              2   44[BANK0 ] PTR struct _IO_FILE
  2756 ;;		 -> sprintf@f(11), 
  2757 ;;  fmt             1   46[BANK0 ] PTR const unsigned char 
  2758 ;;		 -> STR_6(13), STR_4(15), STR_3(12), STR_2(25), 
  2759 ;;		 -> STR_1(20), 
  2760 ;;  ap              1   47[BANK0 ] PTR PTR void 
  2761 ;;		 -> sprintf@ap(1), 
  2762 ;; Auto vars:     Size  Location     Type
  2763 ;;  cfmt            1   48[BANK0 ] PTR unsigned char 
  2764 ;;		 -> STR_6(13), STR_4(15), STR_3(12), STR_2(25), 
  2765 ;;		 -> STR_1(20), 
  2766 ;; Return value:  Size  Location     Type
  2767 ;;                  2   44[BANK0 ] int 
  2768 ;; Registers used:
  2769 ;;		wreg, fsr0l, fsr0h, status,2, status,0, pclath, btemp1, cstack
  2770 ;; Tracked objects:
  2771 ;;		On entry : 0/0
  2772 ;;		On exit  : 0/0
  2773 ;;		Unchanged: 0/0
  2774 ;; Data sizes:     COMMON   BANK0   BANK1   BANK3   BANK2
  2775 ;;      Params:         0       4       0       0       0
  2776 ;;      Locals:         0       1       0       0       0
  2777 ;;      Temps:          0       0       0       0       0
  2778 ;;      Totals:         0       5       0       0       0
  2779 ;;Total ram usage:        5 bytes
  2780 ;; Hardware stack levels used: 1
  2781 ;; Hardware stack levels required when called: 6
  2782 ;; This function calls:
  2783 ;;		_vfpfcnvrt
  2784 ;; This function is called by:
  2785 ;;		_sprintf
  2786 ;; This function uses a non-reentrant model
  2787 ;;
  2788                           
  2789     0CB7                     _vfprintf:	
  2790                           ;psect for function _vfprintf
  2791                           
  2792     0CB7                     l2375:	
  2793                           ;incstack = 0
  2794 ;; hardware stack exceeded
  2795                           ; Regs used in _vfprintf: [wreg-fsr0h+status,2+status,0+pclath+btemp1+cstack]
  2796                           
  2797                           
  2798                           ;C:\Program Files\Microchip\xc8\v3.10\pic\sources\c99\common\doprnt.c: 1817: int vfprint
      +                          f(FILE *fp, const char *fmt, va_list ap);C:\Program Files\Microchip\xc8\v3.10\pic\source
      +                          s\c99\common\doprnt.c: 1818: {;C:\Program Files\Microchip\xc8\v3.10\pic\sources\c99\comm
      +                          on\doprnt.c: 1820:     char *cfmt;;C:\Program Files\Microchip\xc8\v3.10\pic\sources\c99\
      +                          common\doprnt.c: 1822:     cfmt = (char *)fmt;
  2799     0CB7  1283               	bcf	3,5	;RP0=0, select bank0
  2800     0CB8  1303               	bcf	3,6	;RP1=0, select bank0
  2801     0CB9  084E               	movf	vfprintf@fmt,w
  2802     0CBA  00D0               	movwf	vfprintf@cfmt
  2803                           
  2804                           ;C:\Program Files\Microchip\xc8\v3.10\pic\sources\c99\common\doprnt.c: 1826:     while (
      +                          *cfmt) {
  2805     0CBB  2CC9               	goto	l2379
  2806     0CBC                     l2377:
  2807                           
  2808                           ;C:\Program Files\Microchip\xc8\v3.10\pic\sources\c99\common\doprnt.c: 1830:    vfpfcnvr
      +                          t(fp, &cfmt, ap);
  2809     0CBC  084C               	movf	vfprintf@fp,w
  2810     0CBD  00C0               	movwf	vfpfcnvrt@fp
  2811     0CBE  084D               	movf	vfprintf@fp+1,w
  2812     0CBF  00C1               	movwf	vfpfcnvrt@fp+1
  2813     0CC0  3050               	movlw	(low (vfprintf@cfmt| 0))& (0+255)
  2814     0CC1  00C2               	movwf	vfpfcnvrt@fmt
  2815     0CC2  084F               	movf	vfprintf@ap,w
  2816     0CC3  00C3               	movwf	vfpfcnvrt@ap
  2817     0CC4  120A  118A  23E0  120A  158A  	fcall	_vfpfcnvrt
  2818     0CC9                     l2379:
  2819                           
  2820                           ;C:\Program Files\Microchip\xc8\v3.10\pic\sources\c99\common\doprnt.c: 1826:     while (
      +                          *cfmt) {
  2821     0CC9  1283               	bcf	3,5	;RP0=0, select bank0
  2822     0CCA  1303               	bcf	3,6	;RP1=0, select bank0
  2823     0CCB  0850               	movf	vfprintf@cfmt,w
  2824     0CCC  0084               	movwf	4
  2825     0CCD  120A  118A  230A  120A  158A  	fcall	stringdir
  2826     0CD2  3A00               	xorlw	0
  2827     0CD3  1D03               	skipz
  2828     0CD4  2CD6               	goto	u2351
  2829     0CD5  2CD7               	goto	u2350
  2830     0CD6                     u2351:
  2831     0CD6  2CBC               	goto	l2377
  2832     0CD7                     u2350:
  2833     0CD7                     l2381:
  2834                           
  2835                           ;C:\Program Files\Microchip\xc8\v3.10\pic\sources\c99\common\doprnt.c: 1835:  return 0;
  2836     0CD7  01CC               	clrf	?_vfprintf
  2837     0CD8  01CD               	clrf	?_vfprintf+1
  2838     0CD9                     l804:
  2839     0CD9  0008               	return
  2840     0CDA                     __end_of_vfprintf:
  2841                           
  2842                           	psect	text10
  2843     03E0                     __ptext10:	
  2844 ;; *************** function _vfpfcnvrt *****************
  2845 ;; Defined at:
  2846 ;;		line 1177 in file "C:\Program Files\Microchip\xc8\v3.10\pic\sources\c99\common\doprnt.c"
  2847 ;; Parameters:    Size  Location     Type
  2848 ;;  fp              2   32[BANK0 ] PTR struct _IO_FILE
  2849 ;;		 -> sprintf@f(11), 
  2850 ;;  fmt             1   34[BANK0 ] PTR PTR unsigned char 
  2851 ;;		 -> vfprintf@cfmt(1), 
  2852 ;;  ap              1   35[BANK0 ] PTR PTR void 
  2853 ;;		 -> sprintf@ap(1), 
  2854 ;; Auto vars:     Size  Location     Type
  2855 ;;  convarg         4   38[BANK0 ] struct .
  2856 ;;  cp              1   43[BANK0 ] PTR unsigned char 
  2857 ;;		 -> STR_6(13), STR_4(15), STR_3(12), STR_2(25), 
  2858 ;;		 -> STR_1(20), 
  2859 ;;  done            1   42[BANK0 ] _Bool 
  2860 ;;  c               1    0        unsigned char 
  2861 ;; Return value:  Size  Location     Type
  2862 ;;                  1    wreg      void 
  2863 ;; Registers used:
  2864 ;;		wreg, fsr0l, fsr0h, status,2, status,0, pclath, btemp1, cstack
  2865 ;; Tracked objects:
  2866 ;;		On entry : 0/0
  2867 ;;		On exit  : 0/0
  2868 ;;		Unchanged: 0/0
  2869 ;; Data sizes:     COMMON   BANK0   BANK1   BANK3   BANK2
  2870 ;;      Params:         0       4       0       0       0
  2871 ;;      Locals:         0       6       0       0       0
  2872 ;;      Temps:          0       2       0       0       0
  2873 ;;      Totals:         0      12       0       0       0
  2874 ;;Total ram usage:       12 bytes
  2875 ;; Hardware stack levels used: 1
  2876 ;; Hardware stack levels required when called: 5
  2877 ;; This function calls:
  2878 ;;		_fputc
  2879 ;;		_read_prec_or_width
  2880 ;;		_utoa
  2881 ;; This function is called by:
  2882 ;;		_vfprintf
  2883 ;; This function uses a non-reentrant model
  2884 ;;
  2885                           
  2886     03E0                     _vfpfcnvrt:	
  2887                           ;psect for function _vfpfcnvrt
  2888                           
  2889     03E0                     l2243:	
  2890                           ;incstack = 0
  2891 ;; hardware stack exceeded
  2892                           ; Regs used in _vfpfcnvrt: [wreg-fsr0h+status,2+status,0+pclath+btemp1+cstack]
  2893                           
  2894                           
  2895                           ;C:\Program Files\Microchip\xc8\v3.10\pic\sources\c99\common\doprnt.c: 1177: vfpfcnvrt(F
      +                          ILE *fp, char *fmt[], va_list ap);C:\Program Files\Microchip\xc8\v3.10\pic\sources\c99\c
      +                          ommon\doprnt.c: 1178: {;C:\Program Files\Microchip\xc8\v3.10\pic\sources\c99\common\dopr
      +                          nt.c: 1179:     char c, *cp;;C:\Program Files\Microchip\xc8\v3.10\pic\sources\c99\common
      +                          \doprnt.c: 1180:     _Bool done;;C:\Program Files\Microchip\xc8\v3.10\pic\sources\c99\co
      +                          mmon\doprnt.c: 1188:  } convarg;;C:\Program Files\Microchip\xc8\v3.10\pic\sources\c99\co
      +                          mmon\doprnt.c: 1201:     if ((*fmt)[0] == '%') {
  2896     03E0  1283               	bcf	3,5	;RP0=0, select bank0
  2897     03E1  1303               	bcf	3,6	;RP1=0, select bank0
  2898     03E2  0842               	movf	vfpfcnvrt@fmt,w
  2899     03E3  0084               	movwf	4
  2900     03E4  1383               	bcf	3,7	;select IRP bank0
  2901     03E5  0800               	movf	0,w
  2902     03E6  0084               	movwf	4
  2903     03E7  120A  118A  230A  120A  118A  	fcall	stringdir
  2904     03EC  3A25               	xorlw	37
  2905     03ED  1D03               	skipz
  2906     03EE  2BF0               	goto	u2171
  2907     03EF  2BF1               	goto	u2170
  2908     03F0                     u2171:
  2909     03F0  2C9C               	goto	l2297
  2910     03F1                     u2170:
  2911     03F1                     l2245:
  2912                           
  2913                           ;C:\Program Files\Microchip\xc8\v3.10\pic\sources\c99\common\doprnt.c: 1202:         ++*
      +                          fmt;
  2914     03F1  0842               	movf	vfpfcnvrt@fmt,w
  2915     03F2  0084               	movwf	4
  2916     03F3  3001               	movlw	1
  2917     03F4  0780               	addwf	0,f
  2918     03F5                     l2247:
  2919                           
  2920                           ;C:\Program Files\Microchip\xc8\v3.10\pic\sources\c99\common\doprnt.c: 1204:         fla
      +                          gs = width = 0;
  2921     03F5  01EA               	clrf	_width
  2922     03F6  01EB               	clrf	_width+1
  2923     03F7  3000               	movlw	0
  2924     03F8  00EE               	movwf	_flags
  2925     03F9                     l2249:
  2926                           
  2927                           ;C:\Program Files\Microchip\xc8\v3.10\pic\sources\c99\common\doprnt.c: 1205:         pre
      +                          c = -1;
  2928     03F9  30FF               	movlw	255
  2929     03FA  1683               	bsf	3,5	;RP0=1, select bank1
  2930     03FB  1303               	bcf	3,6	;RP1=0, select bank1
  2931     03FC  00A0               	movwf	_prec^(0+128)
  2932     03FD  30FF               	movlw	255
  2933     03FE  00A1               	movwf	(_prec^(0+128)+1)
  2934     03FF                     l2251:
  2935                           
  2936                           ;C:\Program Files\Microchip\xc8\v3.10\pic\sources\c99\common\doprnt.c: 1209:         don
      +                          e = 0;
  2937     03FF  1283               	bcf	3,5	;RP0=0, select bank0
  2938     0400  1303               	bcf	3,6	;RP1=0, select bank0
  2939     0401  01CA               	clrf	vfpfcnvrt@done
  2940                           
  2941                           ;C:\Program Files\Microchip\xc8\v3.10\pic\sources\c99\common\doprnt.c: 1210:         whi
      +                          le (!done) {
  2942     0402  2C19               	goto	l2259
  2943     0403                     l786:	
  2944                           ;C:\Program Files\Microchip\xc8\v3.10\pic\sources\c99\common\doprnt.c: 1219:            
      +                               case '0' :
  2945                           
  2946                           
  2947                           ;C:\Program Files\Microchip\xc8\v3.10\pic\sources\c99\common\doprnt.c: 1220:            
      +                                   flags |= (1 << 1);
  2948     0403  14EE               	bsf	_flags,1
  2949     0404                     l2253:
  2950                           
  2951                           ;C:\Program Files\Microchip\xc8\v3.10\pic\sources\c99\common\doprnt.c: 1221:            
      +                                   ++*fmt;
  2952     0404  0842               	movf	vfpfcnvrt@fmt,w
  2953     0405  0084               	movwf	4
  2954     0406  3001               	movlw	1
  2955     0407  0780               	addwf	0,f
  2956                           
  2957                           ;C:\Program Files\Microchip\xc8\v3.10\pic\sources\c99\common\doprnt.c: 1222:            
      +                                   break;
  2958     0408  2C19               	goto	l2259
  2959     0409                     l788:	
  2960                           ;C:\Program Files\Microchip\xc8\v3.10\pic\sources\c99\common\doprnt.c: 1242:            
      +                               default:
  2961                           
  2962                           
  2963                           ;C:\Program Files\Microchip\xc8\v3.10\pic\sources\c99\common\doprnt.c: 1243:            
      +                                   done = 1;
  2964     0409  3001               	movlw	1
  2965     040A  00CA               	movwf	vfpfcnvrt@done
  2966                           
  2967                           ;C:\Program Files\Microchip\xc8\v3.10\pic\sources\c99\common\doprnt.c: 1244:            
      +                                   break;
  2968     040B  2C19               	goto	l2259
  2969     040C                     l2257:
  2970     040C  0842               	movf	vfpfcnvrt@fmt,w
  2971     040D  0084               	movwf	4
  2972     040E  0800               	movf	0,w
  2973     040F  0084               	movwf	4
  2974     0410  120A  118A  230A  120A  118A  	fcall	stringdir
  2975                           
  2976                           ; Switch size 1, requested type "simple"
  2977                           ; Number of cases is 1, Range of values is 48 to 48
  2978                           ; switch strategies available:
  2979                           ; Name         Instructions Cycles
  2980                           ; simple_byte            4     3 (average)
  2981                           ; direct_byte           14    11 (fixed)
  2982                           ; jumptable            263     9 (fixed)
  2983                           ;	Chosen strategy is simple_byte
  2984     0415  3A30               	xorlw	48	; case 48
  2985     0416  1903               	skipnz
  2986     0417  2C03               	goto	l786
  2987     0418  2C09               	goto	l788
  2988     0419                     l2259:
  2989                           
  2990                           ;C:\Program Files\Microchip\xc8\v3.10\pic\sources\c99\common\doprnt.c: 1210:         whi
      +                          le (!done) {
  2991     0419  084A               	movf	vfpfcnvrt@done,w
  2992     041A  1903               	btfsc	3,2
  2993     041B  2C1D               	goto	u2181
  2994     041C  2C1E               	goto	u2180
  2995     041D                     u2181:
  2996     041D  2C0C               	goto	l2257
  2997     041E                     u2180:
  2998     041E                     l2261:
  2999                           
  3000                           ;C:\Program Files\Microchip\xc8\v3.10\pic\sources\c99\common\doprnt.c: 1256:   width = r
      +                          ead_prec_or_width(fmt, ap);
  3001     041E  0842               	movf	vfpfcnvrt@fmt,w
  3002     041F  00A0               	movwf	read_prec_or_width@fmt
  3003     0420  0843               	movf	vfpfcnvrt@ap,w
  3004     0421  00A1               	movwf	read_prec_or_width@ap
  3005     0422  120A  118A  2245  120A  118A  	fcall	_read_prec_or_width
  3006     0427  1283               	bcf	3,5	;RP0=0, select bank0
  3007     0428  1303               	bcf	3,6	;RP1=0, select bank0
  3008     0429  0821               	movf	?_read_prec_or_width+1,w
  3009     042A  00EB               	movwf	_width+1
  3010     042B  0820               	movf	?_read_prec_or_width,w
  3011     042C  00EA               	movwf	_width
  3012     042D                     l2263:
  3013                           
  3014                           ;C:\Program Files\Microchip\xc8\v3.10\pic\sources\c99\common\doprnt.c: 1257:   if (width
      +                           < 0) {
  3015     042D  1FEB               	btfss	_width+1,7
  3016     042E  2C30               	goto	u2191
  3017     042F  2C31               	goto	u2190
  3018     0430                     u2191:
  3019     0430  2C37               	goto	l2269
  3020     0431                     u2190:
  3021     0431                     l2265:
  3022                           
  3023                           ;C:\Program Files\Microchip\xc8\v3.10\pic\sources\c99\common\doprnt.c: 1258:    flags |=
      +                           (1 << 0);
  3024     0431  146E               	bsf	_flags,0
  3025     0432                     l2267:
  3026                           
  3027                           ;C:\Program Files\Microchip\xc8\v3.10\pic\sources\c99\common\doprnt.c: 1259:    width = 
      +                          -width;
  3028     0432  09EA               	comf	_width,f
  3029     0433  09EB               	comf	_width+1,f
  3030     0434  0AEA               	incf	_width,f
  3031     0435  1903               	skipnz
  3032     0436  0AEB               	incf	_width+1,f
  3033     0437                     l2269:
  3034                           
  3035                           ;C:\Program Files\Microchip\xc8\v3.10\pic\sources\c99\common\doprnt.c: 1439:   if (0
  3036     0437  0842               	movf	vfpfcnvrt@fmt,w
  3037     0438  0084               	movwf	4
  3038     0439  1383               	bcf	3,7	;select IRP bank0
  3039     043A  0800               	movf	0,w
  3040     043B  00CB               	movwf	vfpfcnvrt@cp
  3041     043C                     l2271:
  3042     043C  084B               	movf	vfpfcnvrt@cp,w
  3043     043D  0084               	movwf	4
  3044     043E  120A  118A  230A  120A  118A  	fcall	stringdir
  3045     0443  3A75               	xorlw	117
  3046     0444  1D03               	skipz
  3047     0445  2C47               	goto	u2201
  3048     0446  2C48               	goto	u2200
  3049     0447                     u2201:
  3050     0447  2C74               	goto	l2285
  3051     0448                     u2200:
  3052     0448                     l2273:
  3053                           
  3054                           ;C:\Program Files\Microchip\xc8\v3.10\pic\sources\c99\common\doprnt.c: 1452:     ) {;C:\
      +                          Program Files\Microchip\xc8\v3.10\pic\sources\c99\common\doprnt.c: 1495:    convarg.uint
      +                           = (vfpf_uint_t)(unsigned int)(*(unsigned int *)__va_arg(*(unsigned int **)ap, (unsigned
      +                           int)0));
  3055     0448  0843               	movf	vfpfcnvrt@ap,w
  3056     0449  0084               	movwf	4
  3057     044A  0800               	movf	0,w
  3058     044B  00FF               	movwf	btemp1
  3059     044C  3002               	movlw	2
  3060     044D  0780               	addwf	0,f
  3061     044E  087F               	movf	btemp1,w
  3062     044F  0084               	movwf	4
  3063     0450  0800               	movf	0,w
  3064     0451  00C6               	movwf	vfpfcnvrt@convarg
  3065     0452  0A84               	incf	4,f
  3066     0453  0800               	movf	0,w
  3067     0454  00C7               	movwf	vfpfcnvrt@convarg+1
  3068     0455                     l2275:
  3069                           
  3070                           ;C:\Program Files\Microchip\xc8\v3.10\pic\sources\c99\common\doprnt.c: 1497:    *fmt = c
      +                          p+1;
  3071     0455  0842               	movf	vfpfcnvrt@fmt,w
  3072     0456  0084               	movwf	4
  3073     0457  084B               	movf	vfpfcnvrt@cp,w
  3074     0458  3E01               	addlw	1
  3075     0459  0080               	movwf	0
  3076                           
  3077                           ;C:\Program Files\Microchip\xc8\v3.10\pic\sources\c99\common\doprnt.c: 1498:    switch (
      +                          *cp) {
  3078     045A  2C69               	goto	l2283
  3079     045B                     l2277:
  3080                           
  3081                           ;C:\Program Files\Microchip\xc8\v3.10\pic\sources\c99\common\doprnt.c: 1542:      return
      +                           (void) utoa(fp, convarg.uint);;	Return value of _vfpfcnvrt is never used
  3082     045B  0840               	movf	vfpfcnvrt@fp,w
  3083     045C  00B7               	movwf	utoa@fp
  3084     045D  0841               	movf	vfpfcnvrt@fp+1,w
  3085     045E  00B8               	movwf	utoa@fp+1
  3086     045F  0847               	movf	vfpfcnvrt@convarg+1,w
  3087     0460  00BA               	movwf	utoa@d+1
  3088     0461  0846               	movf	vfpfcnvrt@convarg,w
  3089     0462  00B9               	movwf	utoa@d
  3090     0463  120A  118A  2690  120A  118A  	fcall	_utoa
  3091     0468  2CB5               	goto	l796
  3092     0469                     l2283:
  3093     0469  084B               	movf	vfpfcnvrt@cp,w
  3094     046A  0084               	movwf	4
  3095     046B  120A  118A  230A  120A  118A  	fcall	stringdir
  3096                           
  3097                           ; Switch size 1, requested type "simple"
  3098                           ; Number of cases is 1, Range of values is 117 to 117
  3099                           ; switch strategies available:
  3100                           ; Name         Instructions Cycles
  3101                           ; simple_byte            4     3 (average)
  3102                           ; direct_byte           14    11 (fixed)
  3103                           ; jumptable            263     9 (fixed)
  3104                           ;	Chosen strategy is simple_byte
  3105     0470  3A75               	xorlw	117	; case 117
  3106     0471  1903               	skipnz
  3107     0472  2C5B               	goto	l2277
  3108     0473  2C74               	goto	l2285
  3109     0474                     l2285:
  3110                           
  3111                           ;C:\Program Files\Microchip\xc8\v3.10\pic\sources\c99\common\doprnt.c: 1798:         if 
      +                          ((*fmt)[0] == '%') {
  3112     0474  0842               	movf	vfpfcnvrt@fmt,w
  3113     0475  0084               	movwf	4
  3114     0476  0800               	movf	0,w
  3115     0477  0084               	movwf	4
  3116     0478  120A  118A  230A  120A  118A  	fcall	stringdir
  3117     047D  3A25               	xorlw	37
  3118     047E  1D03               	skipz
  3119     047F  2C81               	goto	u2211
  3120     0480  2C82               	goto	u2210
  3121     0481                     u2211:
  3122     0481  2C94               	goto	l2293
  3123     0482                     u2210:
  3124     0482                     l2287:
  3125                           
  3126                           ;C:\Program Files\Microchip\xc8\v3.10\pic\sources\c99\common\doprnt.c: 1799:            
      +                           ++*fmt;
  3127     0482  0842               	movf	vfpfcnvrt@fmt,w
  3128     0483  0084               	movwf	4
  3129     0484  3001               	movlw	1
  3130     0485  0780               	addwf	0,f
  3131     0486                     l2289:
  3132                           
  3133                           ;C:\Program Files\Microchip\xc8\v3.10\pic\sources\c99\common\doprnt.c: 1800:            
      +                           fputc((int)'%', fp);
  3134     0486  3025               	movlw	37
  3135     0487  00F3               	movwf	fputc@c
  3136     0488  3000               	movlw	0
  3137     0489  00F4               	movwf	fputc@c+1
  3138     048A  0840               	movf	vfpfcnvrt@fp,w
  3139     048B  00F5               	movwf	fputc@fp
  3140     048C  0841               	movf	vfpfcnvrt@fp+1,w
  3141     048D  00F6               	movwf	fputc@fp+1
  3142     048E  120A  118A  256F  120A  118A  	fcall	_fputc
  3143     0493  2CB5               	goto	l796
  3144     0494                     l2293:
  3145                           
  3146                           ;C:\Program Files\Microchip\xc8\v3.10\pic\sources\c99\common\doprnt.c: 1806:         ++*
      +                          fmt;
  3147     0494  1283               	bcf	3,5	;RP0=0, select bank0
  3148     0495  1303               	bcf	3,6	;RP1=0, select bank0
  3149     0496  0842               	movf	vfpfcnvrt@fmt,w
  3150     0497  0084               	movwf	4
  3151     0498  3001               	movlw	1
  3152     0499  1383               	bcf	3,7	;select IRP bank0
  3153     049A  0780               	addwf	0,f
  3154     049B  2CB5               	goto	l796
  3155     049C                     l2297:
  3156                           
  3157                           ;C:\Program Files\Microchip\xc8\v3.10\pic\sources\c99\common\doprnt.c: 1811:     fputc((
      +                          int)(*fmt)[0], fp);
  3158     049C  0842               	movf	vfpfcnvrt@fmt,w
  3159     049D  0084               	movwf	4
  3160     049E  0800               	movf	0,w
  3161     049F  0084               	movwf	4
  3162     04A0  120A  118A  230A  120A  118A  	fcall	stringdir
  3163     04A5  00C4               	movwf	??_vfpfcnvrt
  3164     04A6  01C5               	clrf	??_vfpfcnvrt+1
  3165     04A7  0844               	movf	??_vfpfcnvrt,w
  3166     04A8  00F3               	movwf	fputc@c
  3167     04A9  0845               	movf	??_vfpfcnvrt+1,w
  3168     04AA  00F4               	movwf	fputc@c+1
  3169     04AB  0840               	movf	vfpfcnvrt@fp,w
  3170     04AC  00F5               	movwf	fputc@fp
  3171     04AD  0841               	movf	vfpfcnvrt@fp+1,w
  3172     04AE  00F6               	movwf	fputc@fp+1
  3173     04AF  120A  118A  256F  120A  118A  	fcall	_fputc
  3174     04B4  2C94               	goto	l2293
  3175     04B5                     l796:
  3176     04B5  0008               	return
  3177     04B6                     __end_of_vfpfcnvrt:
  3178                           
  3179                           	psect	text11
  3180     0690                     __ptext11:	
  3181 ;; *************** function _utoa *****************
  3182 ;; Defined at:
  3183 ;;		line 1001 in file "C:\Program Files\Microchip\xc8\v3.10\pic\sources\c99\common\doprnt.c"
  3184 ;; Parameters:    Size  Location     Type
  3185 ;;  fp              2   23[BANK0 ] PTR struct _IO_FILE
  3186 ;;		 -> sprintf@f(11), 
  3187 ;;  d               2   25[BANK0 ] unsigned int 
  3188 ;; Auto vars:     Size  Location     Type
  3189 ;;  i               2   30[BANK0 ] int 
  3190 ;;  w               2   28[BANK0 ] int 
  3191 ;;  p               1   27[BANK0 ] _Bool 
  3192 ;; Return value:  Size  Location     Type
  3193 ;;                  1    wreg      void 
  3194 ;; Registers used:
  3195 ;;		wreg, fsr0l, fsr0h, status,2, status,0, pclath, btemp1, cstack
  3196 ;; Tracked objects:
  3197 ;;		On entry : 0/0
  3198 ;;		On exit  : 0/0
  3199 ;;		Unchanged: 0/0
  3200 ;; Data sizes:     COMMON   BANK0   BANK1   BANK3   BANK2
  3201 ;;      Params:         0       4       0       0       0
  3202 ;;      Locals:         0       5       0       0       0
  3203 ;;      Temps:          0       0       0       0       0
  3204 ;;      Totals:         0       9       0       0       0
  3205 ;;Total ram usage:        9 bytes
  3206 ;; Hardware stack levels used: 1
  3207 ;; Hardware stack levels required when called: 4
  3208 ;; This function calls:
  3209 ;;		___lwdiv
  3210 ;;		___lwmod
  3211 ;;		_pad
  3212 ;; This function is called by:
  3213 ;;		_vfpfcnvrt
  3214 ;; This function uses a non-reentrant model
  3215 ;;
  3216                           
  3217     0690                     _utoa:	
  3218                           ;psect for function _utoa
  3219                           
  3220     0690                     l2185:	
  3221                           ;incstack = 0
  3222 ;; hardware stack exceeded
  3223                           ; Regs used in _utoa: [wreg-fsr0h+status,2+status,0+pclath+btemp1+cstack]
  3224                           
  3225                           
  3226                           ;C:\Program Files\Microchip\xc8\v3.10\pic\sources\c99\common\doprnt.c: 1001: static void
      +                           utoa(FILE *fp, vfpf_uint_t d);C:\Program Files\Microchip\xc8\v3.10\pic\sources\c99\comm
      +                          on\doprnt.c: 1002: {;C:\Program Files\Microchip\xc8\v3.10\pic\sources\c99\common\doprnt.
      +                          c: 1003:     int i, w;;C:\Program Files\Microchip\xc8\v3.10\pic\sources\c99\common\doprn
      +                          t.c: 1007:  _Bool p = 1;
  3227     0690  3001               	movlw	1
  3228     0691  1283               	bcf	3,5	;RP0=0, select bank0
  3229     0692  1303               	bcf	3,6	;RP1=0, select bank0
  3230     0693  00BB               	movwf	utoa@p
  3231     0694                     l2187:
  3232                           
  3233                           ;C:\Program Files\Microchip\xc8\v3.10\pic\sources\c99\common\doprnt.c: 1019:     w = wid
      +                          th;
  3234     0694  086B               	movf	_width+1,w
  3235     0695  00BD               	movwf	utoa@w+1
  3236     0696  086A               	movf	_width,w
  3237     0697  00BC               	movwf	utoa@w
  3238                           
  3239                           ;C:\Program Files\Microchip\xc8\v3.10\pic\sources\c99\common\doprnt.c: 1022:     i = siz
      +                          eof(dbuf) - 1;
  3240     0698  301F               	movlw	31
  3241     0699  00BE               	movwf	utoa@i
  3242     069A  3000               	movlw	0
  3243     069B  00BF               	movwf	utoa@i+1
  3244     069C                     l2189:
  3245                           
  3246                           ;C:\Program Files\Microchip\xc8\v3.10\pic\sources\c99\common\doprnt.c: 1023:     dbuf[i]
      +                           = '\0';
  3247     069C  1683               	bsf	3,5	;RP0=1, select bank1
  3248     069D  1303               	bcf	3,6	;RP1=0, select bank1
  3249     069E  01C5               	clrf	(_dbuf^(0+128)+31)
  3250                           
  3251                           ;C:\Program Files\Microchip\xc8\v3.10\pic\sources\c99\common\doprnt.c: 1024:     while (
      +                          i && (d != 0
  3252     069F  2ED6               	goto	l2201
  3253     06A0                     l2191:
  3254                           
  3255                           ;C:\Program Files\Microchip\xc8\v3.10\pic\sources\c99\common\doprnt.c: 1033:     )) {;C:
      +                          \Program Files\Microchip\xc8\v3.10\pic\sources\c99\common\doprnt.c: 1034:         --i;
  3256     06A0  30FF               	movlw	255
  3257     06A1  07BE               	addwf	utoa@i,f
  3258     06A2  1803               	skipnc
  3259     06A3  0ABF               	incf	utoa@i+1,f
  3260     06A4  30FF               	movlw	255
  3261     06A5  07BF               	addwf	utoa@i+1,f
  3262     06A6                     l2193:
  3263                           
  3264                           ;C:\Program Files\Microchip\xc8\v3.10\pic\sources\c99\common\doprnt.c: 1035:         dbu
      +                          f[i] = '0' + (d % 10);
  3265     06A6  083E               	movf	utoa@i,w
  3266     06A7  3EA6               	addlw	(low (_dbuf| 0))& (0+255)
  3267     06A8  0084               	movwf	4
  3268     06A9  300A               	movlw	10
  3269     06AA  00F3               	movwf	___lwmod@divisor
  3270     06AB  3000               	movlw	0
  3271     06AC  00F4               	movwf	___lwmod@divisor+1
  3272     06AD  083A               	movf	utoa@d+1,w
  3273     06AE  00F6               	movwf	___lwmod@dividend+1
  3274     06AF  0839               	movf	utoa@d,w
  3275     06B0  00F5               	movwf	___lwmod@dividend
  3276     06B1  120A  158A  258D  120A  118A  	fcall	___lwmod
  3277     06B6  0873               	movf	?___lwmod,w
  3278     06B7  3E30               	addlw	48
  3279     06B8  1383               	bcf	3,7	;select IRP bank1
  3280     06B9  0080               	movwf	0
  3281     06BA                     l2195:
  3282                           
  3283                           ;C:\Program Files\Microchip\xc8\v3.10\pic\sources\c99\common\doprnt.c: 1039:   p = 0;
  3284     06BA  1283               	bcf	3,5	;RP0=0, select bank0
  3285     06BB  1303               	bcf	3,6	;RP1=0, select bank0
  3286     06BC  01BB               	clrf	utoa@p
  3287     06BD                     l2197:
  3288                           
  3289                           ;C:\Program Files\Microchip\xc8\v3.10\pic\sources\c99\common\doprnt.c: 1041:         --w
      +                          ;
  3290     06BD  30FF               	movlw	255
  3291     06BE  07BC               	addwf	utoa@w,f
  3292     06BF  1803               	skipnc
  3293     06C0  0ABD               	incf	utoa@w+1,f
  3294     06C1  30FF               	movlw	255
  3295     06C2  07BD               	addwf	utoa@w+1,f
  3296     06C3                     l2199:
  3297                           
  3298                           ;C:\Program Files\Microchip\xc8\v3.10\pic\sources\c99\common\doprnt.c: 1042:         d =
      +                           d / 10;
  3299     06C3  300A               	movlw	10
  3300     06C4  00F3               	movwf	___lwdiv@divisor
  3301     06C5  3000               	movlw	0
  3302     06C6  00F4               	movwf	___lwdiv@divisor+1
  3303     06C7  083A               	movf	utoa@d+1,w
  3304     06C8  00F6               	movwf	___lwdiv@dividend+1
  3305     06C9  0839               	movf	utoa@d,w
  3306     06CA  00F5               	movwf	___lwdiv@dividend
  3307     06CB  120A  158A  2600  120A  118A  	fcall	___lwdiv
  3308     06D0  0874               	movf	?___lwdiv+1,w
  3309     06D1  1283               	bcf	3,5	;RP0=0, select bank0
  3310     06D2  1303               	bcf	3,6	;RP1=0, select bank0
  3311     06D3  00BA               	movwf	utoa@d+1
  3312     06D4  0873               	movf	?___lwdiv,w
  3313     06D5  00B9               	movwf	utoa@d
  3314     06D6                     l2201:
  3315                           
  3316                           ;C:\Program Files\Microchip\xc8\v3.10\pic\sources\c99\common\doprnt.c: 1024:     while (
      +                          i && (d != 0
  3317     06D6  1283               	bcf	3,5	;RP0=0, select bank0
  3318     06D7  083E               	movf	utoa@i,w
  3319     06D8  043F               	iorwf	utoa@i+1,w
  3320     06D9  1903               	btfsc	3,2
  3321     06DA  2EDC               	goto	u2061
  3322     06DB  2EDD               	goto	u2060
  3323     06DC                     u2061:
  3324     06DC  2EFB               	goto	l2211
  3325     06DD                     u2060:
  3326     06DD                     l2203:
  3327     06DD  0839               	movf	utoa@d,w
  3328     06DE  043A               	iorwf	utoa@d+1,w
  3329     06DF  1D03               	btfss	3,2
  3330     06E0  2EE2               	goto	u2071
  3331     06E1  2EE3               	goto	u2070
  3332     06E2                     u2071:
  3333     06E2  2EA0               	goto	l2191
  3334     06E3                     u2070:
  3335     06E3                     l2205:
  3336     06E3  083B               	movf	utoa@p,w
  3337     06E4  1D03               	btfss	3,2
  3338     06E5  2EE7               	goto	u2081
  3339     06E6  2EE8               	goto	u2080
  3340     06E7                     u2081:
  3341     06E7  2EA0               	goto	l2191
  3342     06E8                     u2080:
  3343     06E8                     l2207:
  3344     06E8  083D               	movf	utoa@w+1,w
  3345     06E9  3A80               	xorlw	128
  3346     06EA  00FF               	movwf	btemp1
  3347     06EB  3080               	movlw	128
  3348     06EC  027F               	subwf	btemp1,w
  3349     06ED  1D03               	skipz
  3350     06EE  2EF1               	goto	u2095
  3351     06EF  3001               	movlw	1
  3352     06F0  023C               	subwf	utoa@w,w
  3353     06F1                     u2095:
  3354     06F1  1C03               	skipc
  3355     06F2  2EF4               	goto	u2091
  3356     06F3  2EF5               	goto	u2090
  3357     06F4                     u2091:
  3358     06F4  2EFB               	goto	l2211
  3359     06F5                     u2090:
  3360     06F5                     l2209:
  3361     06F5  1283               	bcf	3,5	;RP0=0, select bank0
  3362     06F6  1303               	bcf	3,6	;RP1=0, select bank0
  3363     06F7  18EE               	btfsc	_flags,1
  3364     06F8  2EFA               	goto	u2101
  3365     06F9  2EFB               	goto	u2100
  3366     06FA                     u2101:
  3367     06FA  2EA0               	goto	l2191
  3368     06FB                     u2100:
  3369     06FB                     l2211:
  3370                           
  3371                           ;C:\Program Files\Microchip\xc8\v3.10\pic\sources\c99\common\doprnt.c: 1046:     return 
      +                          (void) pad(fp, &dbuf[i], w);
  3372     06FB  1283               	bcf	3,5	;RP0=0, select bank0
  3373     06FC  1303               	bcf	3,6	;RP1=0, select bank0
  3374     06FD  0837               	movf	utoa@fp,w
  3375     06FE  00AF               	movwf	pad@fp
  3376     06FF  0838               	movf	utoa@fp+1,w
  3377     0700  00B0               	movwf	pad@fp+1
  3378     0701  083E               	movf	utoa@i,w
  3379     0702  3EA6               	addlw	(low (_dbuf| 0))& (0+255)
  3380     0703  00B1               	movwf	pad@buf
  3381     0704  083D               	movf	utoa@w+1,w
  3382     0705  00B3               	movwf	pad@p+1
  3383     0706  083C               	movf	utoa@w,w
  3384     0707  00B2               	movwf	pad@p
  3385     0708  120A  118A  229C  120A  118A  	fcall	_pad
  3386     070D                     l771:
  3387     070D  0008               	return
  3388     070E                     __end_of_utoa:
  3389                           
  3390                           	psect	text12
  3391     029C                     __ptext12:	
  3392 ;; *************** function _pad *****************
  3393 ;; Defined at:
  3394 ;;		line 193 in file "C:\Program Files\Microchip\xc8\v3.10\pic\sources\c99\common\doprnt.c"
  3395 ;; Parameters:    Size  Location     Type
  3396 ;;  fp              2   15[BANK0 ] PTR struct _IO_FILE
  3397 ;;		 -> sprintf@f(11), 
  3398 ;;  buf             1   17[BANK0 ] PTR unsigned char 
  3399 ;;		 -> dbuf(32), 
  3400 ;;  p               2   18[BANK0 ] int 
  3401 ;; Auto vars:     Size  Location     Type
  3402 ;;  i               2   21[BANK0 ] int 
  3403 ;; Return value:  Size  Location     Type
  3404 ;;                  1    wreg      void 
  3405 ;; Registers used:
  3406 ;;		wreg, fsr0l, fsr0h, status,2, status,0, pclath, cstack
  3407 ;; Tracked objects:
  3408 ;;		On entry : 0/0
  3409 ;;		On exit  : 0/0
  3410 ;;		Unchanged: 0/0
  3411 ;; Data sizes:     COMMON   BANK0   BANK1   BANK3   BANK2
  3412 ;;      Params:         0       5       0       0       0
  3413 ;;      Locals:         0       2       0       0       0
  3414 ;;      Temps:          0       1       0       0       0
  3415 ;;      Totals:         0       8       0       0       0
  3416 ;;Total ram usage:        8 bytes
  3417 ;; Hardware stack levels used: 1
  3418 ;; Hardware stack levels required when called: 3
  3419 ;; This function calls:
  3420 ;;		_fputc
  3421 ;;		_fputs
  3422 ;; This function is called by:
  3423 ;;		_utoa
  3424 ;; This function uses a non-reentrant model
  3425 ;;
  3426                           
  3427     029C                     _pad:	
  3428                           ;psect for function _pad
  3429                           
  3430     029C                     l2169:	
  3431                           ;incstack = 0
  3432 ;; hardware stack exceeded
  3433                           ; Regs used in _pad: [wreg-fsr0h+status,2+status,0+pclath+cstack]
  3434                           
  3435                           
  3436                           ;C:\Program Files\Microchip\xc8\v3.10\pic\sources\c99\common\doprnt.c: 193: static void 
      +                          pad(FILE *fp, char *buf, int p);C:\Program Files\Microchip\xc8\v3.10\pic\sources\c99\com
      +                          mon\doprnt.c: 194: {;C:\Program Files\Microchip\xc8\v3.10\pic\sources\c99\common\doprnt.
      +                          c: 195:     int i;;C:\Program Files\Microchip\xc8\v3.10\pic\sources\c99\common\doprnt.c:
      +                           199:     if (flags & (1 << 0)) {
  3437     029C  1283               	bcf	3,5	;RP0=0, select bank0
  3438     029D  1303               	bcf	3,6	;RP1=0, select bank0
  3439     029E  1C6E               	btfss	_flags,0
  3440     029F  2AA1               	goto	u2021
  3441     02A0  2AA2               	goto	u2020
  3442     02A1                     u2021:
  3443     02A1  2AAD               	goto	l2173
  3444     02A2                     u2020:
  3445     02A2                     l2171:
  3446                           
  3447                           ;C:\Program Files\Microchip\xc8\v3.10\pic\sources\c99\common\doprnt.c: 200:         fput
      +                          s((const char *)buf, fp);
  3448     02A2  0831               	movf	pad@buf,w
  3449     02A3  00A9               	movwf	fputs@s
  3450     02A4  082F               	movf	pad@fp,w
  3451     02A5  00AA               	movwf	fputs@fp
  3452     02A6  0830               	movf	pad@fp+1,w
  3453     02A7  00AB               	movwf	fputs@fp+1
  3454     02A8  120A  118A  27D1  120A  118A  	fcall	_fputs
  3455     02AD                     l2173:
  3456                           
  3457                           ;C:\Program Files\Microchip\xc8\v3.10\pic\sources\c99\common\doprnt.c: 205:  if (p < 0) 
      +                          {
  3458     02AD  1283               	bcf	3,5	;RP0=0, select bank0
  3459     02AE  1303               	bcf	3,6	;RP1=0, select bank0
  3460     02AF  1FB3               	btfss	pad@p+1,7
  3461     02B0  2AB2               	goto	u2031
  3462     02B1  2AB3               	goto	u2030
  3463     02B2                     u2031:
  3464     02B2  2AB5               	goto	l756
  3465     02B3                     u2030:
  3466     02B3                     l2175:
  3467                           
  3468                           ;C:\Program Files\Microchip\xc8\v3.10\pic\sources\c99\common\doprnt.c: 206:   p = 0;
  3469     02B3  01B2               	clrf	pad@p
  3470     02B4  01B3               	clrf	pad@p+1
  3471     02B5                     l756:	
  3472                           ;C:\Program Files\Microchip\xc8\v3.10\pic\sources\c99\common\doprnt.c: 207:  }
  3473                           
  3474                           
  3475                           ;C:\Program Files\Microchip\xc8\v3.10\pic\sources\c99\common\doprnt.c: 208:     i = 0;
  3476     02B5  01B5               	clrf	pad@i
  3477     02B6  01B6               	clrf	pad@i+1
  3478                           
  3479                           ;C:\Program Files\Microchip\xc8\v3.10\pic\sources\c99\common\doprnt.c: 209:     while (i
      +                           < p) {
  3480     02B7  2ACF               	goto	l2181
  3481     02B8                     l2177:
  3482                           
  3483                           ;C:\Program Files\Microchip\xc8\v3.10\pic\sources\c99\common\doprnt.c: 210:         fput
      +                          c(' ', fp);
  3484     02B8  3020               	movlw	32
  3485     02B9  00F3               	movwf	fputc@c
  3486     02BA  3000               	movlw	0
  3487     02BB  00F4               	movwf	fputc@c+1
  3488     02BC  1283               	bcf	3,5	;RP0=0, select bank0
  3489     02BD  1303               	bcf	3,6	;RP1=0, select bank0
  3490     02BE  082F               	movf	pad@fp,w
  3491     02BF  00F5               	movwf	fputc@fp
  3492     02C0  0830               	movf	pad@fp+1,w
  3493     02C1  00F6               	movwf	fputc@fp+1
  3494     02C2  120A  118A  256F  120A  118A  	fcall	_fputc
  3495     02C7                     l2179:
  3496                           
  3497                           ;C:\Program Files\Microchip\xc8\v3.10\pic\sources\c99\common\doprnt.c: 211:         ++i;
  3498     02C7  3001               	movlw	1
  3499     02C8  1283               	bcf	3,5	;RP0=0, select bank0
  3500     02C9  1303               	bcf	3,6	;RP1=0, select bank0
  3501     02CA  07B5               	addwf	pad@i,f
  3502     02CB  1803               	skipnc
  3503     02CC  0AB6               	incf	pad@i+1,f
  3504     02CD  3000               	movlw	0
  3505     02CE  07B6               	addwf	pad@i+1,f
  3506     02CF                     l2181:
  3507                           
  3508                           ;C:\Program Files\Microchip\xc8\v3.10\pic\sources\c99\common\doprnt.c: 209:     while (i
      +                           < p) {
  3509     02CF  0836               	movf	pad@i+1,w
  3510     02D0  3A80               	xorlw	128
  3511     02D1  00B4               	movwf	??_pad
  3512     02D2  0833               	movf	pad@p+1,w
  3513     02D3  3A80               	xorlw	128
  3514     02D4  0234               	subwf	??_pad,w
  3515     02D5  1D03               	skipz
  3516     02D6  2AD9               	goto	u2045
  3517     02D7  0832               	movf	pad@p,w
  3518     02D8  0235               	subwf	pad@i,w
  3519     02D9                     u2045:
  3520     02D9  1C03               	skipc
  3521     02DA  2ADC               	goto	u2041
  3522     02DB  2ADD               	goto	u2040
  3523     02DC                     u2041:
  3524     02DC  2AB8               	goto	l2177
  3525     02DD                     u2040:
  3526     02DD                     l759:
  3527                           
  3528                           ;C:\Program Files\Microchip\xc8\v3.10\pic\sources\c99\common\doprnt.c: 216:     if (!(fl
      +                          ags & (1 << 0))) {
  3529     02DD  1283               	bcf	3,5	;RP0=0, select bank0
  3530     02DE  1303               	bcf	3,6	;RP1=0, select bank0
  3531     02DF  186E               	btfsc	_flags,0
  3532     02E0  2AE2               	goto	u2051
  3533     02E1  2AE3               	goto	u2050
  3534     02E2                     u2051:
  3535     02E2  2AEE               	goto	l761
  3536     02E3                     u2050:
  3537     02E3                     l2183:
  3538                           
  3539                           ;C:\Program Files\Microchip\xc8\v3.10\pic\sources\c99\common\doprnt.c: 218:         fput
      +                          s((const char *)buf, fp);
  3540     02E3  0831               	movf	pad@buf,w
  3541     02E4  00A9               	movwf	fputs@s
  3542     02E5  082F               	movf	pad@fp,w
  3543     02E6  00AA               	movwf	fputs@fp
  3544     02E7  0830               	movf	pad@fp+1,w
  3545     02E8  00AB               	movwf	fputs@fp+1
  3546     02E9  120A  118A  27D1  120A  118A  	fcall	_fputs
  3547     02EE                     l761:
  3548     02EE  0008               	return
  3549     02EF                     __end_of_pad:
  3550                           
  3551                           	psect	text13
  3552     07D1                     __ptext13:	
  3553 ;; *************** function _fputs *****************
  3554 ;; Defined at:
  3555 ;;		line 8 in file "C:\Program Files\Microchip\xc8\v3.10\pic\sources\c99\common\nf_fputs.c"
  3556 ;; Parameters:    Size  Location     Type
  3557 ;;  s               1    9[BANK0 ] PTR const unsigned char 
  3558 ;;		 -> dbuf(32), 
  3559 ;;  fp              2   10[BANK0 ] PTR struct _IO_FILE
  3560 ;;		 -> sprintf@f(11), 
  3561 ;; Auto vars:     Size  Location     Type
  3562 ;;  i               2   13[BANK0 ] int 
  3563 ;;  c               1   12[BANK0 ] unsigned char 
  3564 ;; Return value:  Size  Location     Type
  3565 ;;                  2    9[BANK0 ] int 
  3566 ;; Registers used:
  3567 ;;		wreg, fsr0l, fsr0h, status,2, status,0, pclath, cstack
  3568 ;; Tracked objects:
  3569 ;;		On entry : 0/0
  3570 ;;		On exit  : 0/0
  3571 ;;		Unchanged: 0/0
  3572 ;; Data sizes:     COMMON   BANK0   BANK1   BANK3   BANK2
  3573 ;;      Params:         0       3       0       0       0
  3574 ;;      Locals:         0       3       0       0       0
  3575 ;;      Temps:          2       0       0       0       0
  3576 ;;      Totals:         2       6       0       0       0
  3577 ;;Total ram usage:        8 bytes
  3578 ;; Hardware stack levels used: 1
  3579 ;; Hardware stack levels required when called: 2
  3580 ;; This function calls:
  3581 ;;		_fputc
  3582 ;; This function is called by:
  3583 ;;		_pad
  3584 ;; This function uses a non-reentrant model
  3585 ;;
  3586                           
  3587     07D1                     _fputs:	
  3588                           ;psect for function _fputs
  3589                           
  3590     07D1                     l2099:	
  3591                           ;incstack = 0
  3592 ;; hardware stack exceeded
  3593                           ; Regs used in _fputs: [wreg-fsr0h+status,2+status,0+pclath+cstack]
  3594                           
  3595     07D1  1283               	bcf	3,5	;RP0=0, select bank0
  3596     07D2  1303               	bcf	3,6	;RP1=0, select bank0
  3597     07D3  01AD               	clrf	fputs@i
  3598     07D4  01AE               	clrf	fputs@i+1
  3599     07D5  2FEE               	goto	l2105
  3600     07D6                     l2101:
  3601     07D6  082C               	movf	fputs@c,w
  3602     07D7  00F7               	movwf	??_fputs
  3603     07D8  01F8               	clrf	??_fputs+1
  3604     07D9  0877               	movf	??_fputs,w
  3605     07DA  00F3               	movwf	fputc@c
  3606     07DB  0878               	movf	??_fputs+1,w
  3607     07DC  00F4               	movwf	fputc@c+1
  3608     07DD  082A               	movf	fputs@fp,w
  3609     07DE  00F5               	movwf	fputc@fp
  3610     07DF  082B               	movf	fputs@fp+1,w
  3611     07E0  00F6               	movwf	fputc@fp+1
  3612     07E1  120A  118A  256F  120A  118A  	fcall	_fputc
  3613     07E6                     l2103:
  3614     07E6  3001               	movlw	1
  3615     07E7  1283               	bcf	3,5	;RP0=0, select bank0
  3616     07E8  1303               	bcf	3,6	;RP1=0, select bank0
  3617     07E9  07AD               	addwf	fputs@i,f
  3618     07EA  1803               	skipnc
  3619     07EB  0AAE               	incf	fputs@i+1,f
  3620     07EC  3000               	movlw	0
  3621     07ED  07AE               	addwf	fputs@i+1,f
  3622     07EE                     l2105:
  3623     07EE  082D               	movf	fputs@i,w
  3624     07EF  0729               	addwf	fputs@s,w
  3625     07F0  00F7               	movwf	??_fputs
  3626     07F1  0877               	movf	??_fputs,w
  3627     07F2  0084               	movwf	4
  3628     07F3  1383               	bcf	3,7	;select IRP bank0
  3629     07F4  0800               	movf	0,w
  3630     07F5  00AC               	movwf	fputs@c
  3631     07F6  082C               	movf	fputs@c,w
  3632     07F7  1D03               	btfss	3,2
  3633     07F8  2FFA               	goto	u1841
  3634     07F9  2FFB               	goto	u1840
  3635     07FA                     u1841:
  3636     07FA  2FD6               	goto	l2101
  3637     07FB                     u1840:
  3638     07FB                     l824:
  3639     07FB  0008               	return
  3640     07FC                     __end_of_fputs:
  3641                           
  3642                           	psect	text14
  3643     056F                     __ptext14:	
  3644 ;; *************** function _fputc *****************
  3645 ;; Defined at:
  3646 ;;		line 8 in file "C:\Program Files\Microchip\xc8\v3.10\pic\sources\c99\common\nf_fputc.c"
  3647 ;; Parameters:    Size  Location     Type
  3648 ;;  c               2    3[COMMON] int 
  3649 ;;  fp              2    5[COMMON] PTR struct _IO_FILE
  3650 ;;		 -> sprintf@f(11), 
  3651 ;; Auto vars:     Size  Location     Type
  3652 ;;		None
  3653 ;; Return value:  Size  Location     Type
  3654 ;;                  2    3[COMMON] int 
  3655 ;; Registers used:
  3656 ;;		wreg, fsr0l, fsr0h, status,2, status,0, pclath, cstack
  3657 ;; Tracked objects:
  3658 ;;		On entry : 0/0
  3659 ;;		On exit  : 0/0
  3660 ;;		Unchanged: 0/0
  3661 ;; Data sizes:     COMMON   BANK0   BANK1   BANK3   BANK2
  3662 ;;      Params:         4       0       0       0       0
  3663 ;;      Locals:         0       0       0       0       0
  3664 ;;      Temps:          0       9       0       0       0
  3665 ;;      Totals:         4       9       0       0       0
  3666 ;;Total ram usage:       13 bytes
  3667 ;; Hardware stack levels used: 1
  3668 ;; Hardware stack levels required when called: 1
  3669 ;; This function calls:
  3670 ;;		_putch
  3671 ;; This function is called by:
  3672 ;;		_pad
  3673 ;;		_vfpfcnvrt
  3674 ;;		_fputs
  3675 ;; This function uses a non-reentrant model
  3676 ;;
  3677                           
  3678     056F                     _fputc:	
  3679                           ;psect for function _fputc
  3680                           
  3681     056F                     l2085:	
  3682                           ;incstack = 0
  3683 ;; hardware stack exceeded
  3684                           ; Regs used in _fputc: [wreg-fsr0h+status,2+status,0+pclath+cstack]
  3685                           
  3686     056F  0875               	movf	fputc@fp,w
  3687     0570  0476               	iorwf	fputc@fp+1,w
  3688     0571  1903               	btfsc	3,2
  3689     0572  2D74               	goto	u1791
  3690     0573  2D75               	goto	u1790
  3691     0574                     u1791:
  3692     0574  2D7B               	goto	l2089
  3693     0575                     u1790:
  3694     0575                     l2087:
  3695     0575  0875               	movf	fputc@fp,w
  3696     0576  0476               	iorwf	fputc@fp+1,w
  3697     0577  1D03               	btfss	3,2
  3698     0578  2D7A               	goto	u1801
  3699     0579  2D7B               	goto	u1800
  3700     057A                     u1801:
  3701     057A  2D82               	goto	l2091
  3702     057B                     u1800:
  3703     057B                     l2089:
  3704     057B  0873               	movf	fputc@c,w
  3705     057C  120A  118A  27FC  120A  118A  	fcall	_putch
  3706     0581  2E0E               	goto	l816
  3707     0582                     l2091:
  3708     0582  0875               	movf	fputc@fp,w
  3709     0583  3E09               	addlw	9
  3710     0584  1283               	bcf	3,5	;RP0=0, select bank0
  3711     0585  1303               	bcf	3,6	;RP1=0, select bank0
  3712     0586  00A0               	movwf	??_fputc
  3713     0587  0876               	movf	fputc@fp+1,w
  3714     0588  1803               	skipnc
  3715     0589  3E01               	addlw	1
  3716     058A  3E00               	addlw	0
  3717     058B  00A1               	movwf	??_fputc+1
  3718     058C  0820               	movf	??_fputc,w
  3719     058D  0084               	movwf	4
  3720     058E  1783               	bsf	3,7
  3721     058F  1C21               	btfss	??_fputc+1,0
  3722     0590  1383               	bcf	3,7
  3723     0591  0800               	movf	0,w
  3724     0592  00A2               	movwf	??_fputc+2
  3725     0593  0A84               	incf	4,f
  3726     0594  0800               	movf	0,w
  3727     0595  00A3               	movwf	??_fputc+3
  3728     0596  0822               	movf	??_fputc+2,w
  3729     0597  0423               	iorwf	??_fputc+3,w
  3730     0598  1903               	btfsc	3,2
  3731     0599  2D9B               	goto	u1811
  3732     059A  2D9C               	goto	u1810
  3733     059B                     u1811:
  3734     059B  2DCE               	goto	l2095
  3735     059C                     u1810:
  3736     059C                     l2093:
  3737     059C  0875               	movf	fputc@fp,w
  3738     059D  3E09               	addlw	9
  3739     059E  00A0               	movwf	??_fputc
  3740     059F  0876               	movf	fputc@fp+1,w
  3741     05A0  1803               	skipnc
  3742     05A1  3E01               	addlw	1
  3743     05A2  3E00               	addlw	0
  3744     05A3  00A1               	movwf	??_fputc+1
  3745     05A4  0820               	movf	??_fputc,w
  3746     05A5  0084               	movwf	4
  3747     05A6  1783               	bsf	3,7
  3748     05A7  1C21               	btfss	??_fputc+1,0
  3749     05A8  1383               	bcf	3,7
  3750     05A9  0800               	movf	0,w
  3751     05AA  00A2               	movwf	??_fputc+2
  3752     05AB  0A84               	incf	4,f
  3753     05AC  0800               	movf	0,w
  3754     05AD  00A3               	movwf	??_fputc+3
  3755     05AE  0875               	movf	fputc@fp,w
  3756     05AF  3E02               	addlw	2
  3757     05B0  00A4               	movwf	??_fputc+4
  3758     05B1  0876               	movf	fputc@fp+1,w
  3759     05B2  1803               	skipnc
  3760     05B3  3E01               	addlw	1
  3761     05B4  3E00               	addlw	0
  3762     05B5  00A5               	movwf	??_fputc+5
  3763     05B6  0824               	movf	??_fputc+4,w
  3764     05B7  0084               	movwf	4
  3765     05B8  1783               	bsf	3,7
  3766     05B9  1C25               	btfss	??_fputc+5,0
  3767     05BA  1383               	bcf	3,7
  3768     05BB  0800               	movf	0,w
  3769     05BC  00A6               	movwf	??_fputc+6
  3770     05BD  0A84               	incf	4,f
  3771     05BE  0800               	movf	0,w
  3772     05BF  00A7               	movwf	??_fputc+7
  3773     05C0  0827               	movf	??_fputc+7,w
  3774     05C1  3A80               	xorlw	128
  3775     05C2  00A8               	movwf	??_fputc+8
  3776     05C3  0823               	movf	??_fputc+3,w
  3777     05C4  3A80               	xorlw	128
  3778     05C5  0228               	subwf	??_fputc+8,w
  3779     05C6  1D03               	skipz
  3780     05C7  2DCA               	goto	u1825
  3781     05C8  0822               	movf	??_fputc+2,w
  3782     05C9  0226               	subwf	??_fputc+6,w
  3783     05CA                     u1825:
  3784     05CA  1803               	skipnc
  3785     05CB  2DCD               	goto	u1821
  3786     05CC  2DCE               	goto	u1820
  3787     05CD                     u1821:
  3788     05CD  2E0E               	goto	l816
  3789     05CE                     u1820:
  3790     05CE                     l2095:
  3791     05CE  0875               	movf	fputc@fp,w
  3792     05CF  0084               	movwf	4
  3793     05D0  1783               	bsf	3,7
  3794     05D1  1C76               	btfss	fputc@fp+1,0
  3795     05D2  1383               	bcf	3,7
  3796     05D3  0800               	movf	0,w
  3797     05D4  1283               	bcf	3,5	;RP0=0, select bank0
  3798     05D5  1303               	bcf	3,6	;RP1=0, select bank0
  3799     05D6  00A0               	movwf	??_fputc
  3800     05D7  0A84               	incf	4,f
  3801     05D8  0800               	movf	0,w
  3802     05D9  00A1               	movwf	??_fputc+1
  3803     05DA  0875               	movf	fputc@fp,w
  3804     05DB  3E02               	addlw	2
  3805     05DC  00A2               	movwf	??_fputc+2
  3806     05DD  0876               	movf	fputc@fp+1,w
  3807     05DE  1803               	skipnc
  3808     05DF  3E01               	addlw	1
  3809     05E0  3E00               	addlw	0
  3810     05E1  00A3               	movwf	??_fputc+3
  3811     05E2  0822               	movf	??_fputc+2,w
  3812     05E3  0084               	movwf	4
  3813     05E4  1783               	bsf	3,7
  3814     05E5  1C23               	btfss	??_fputc+3,0
  3815     05E6  1383               	bcf	3,7
  3816     05E7  0800               	movf	0,w
  3817     05E8  0720               	addwf	??_fputc,w
  3818     05E9  00A5               	movwf	??_fputc+5
  3819     05EA  0821               	movf	??_fputc+1,w
  3820     05EB  00A4               	movwf	??_fputc+4
  3821     05EC  1803               	skipnc
  3822     05ED  0AA4               	incf	??_fputc+4,f
  3823     05EE  1F80               	btfss	0,7
  3824     05EF  2DF1               	goto	u1830
  3825     05F0  03A4               	decf	??_fputc+4,f
  3826     05F1                     u1830:
  3827     05F1  1283               	bcf	3,5	;RP0=0, select bank0
  3828     05F2  1303               	bcf	3,6	;RP1=0, select bank0
  3829     05F3  0824               	movf	??_fputc+4,w
  3830     05F4  00A6               	movwf	??_fputc+6
  3831     05F5  0825               	movf	??_fputc+5,w
  3832     05F6  0084               	movwf	4
  3833     05F7  1783               	bsf	3,7
  3834     05F8  1C26               	btfss	??_fputc+6,0
  3835     05F9  1383               	bcf	3,7
  3836     05FA  0873               	movf	fputc@c,w
  3837     05FB  0080               	movwf	0
  3838     05FC  0875               	movf	fputc@fp,w
  3839     05FD  3E02               	addlw	2
  3840     05FE  00A0               	movwf	??_fputc
  3841     05FF  0876               	movf	fputc@fp+1,w
  3842     0600  1803               	skipnc
  3843     0601  3E01               	addlw	1
  3844     0602  3E00               	addlw	0
  3845     0603  00A1               	movwf	??_fputc+1
  3846     0604  0820               	movf	??_fputc,w
  3847     0605  0084               	movwf	4
  3848     0606  1783               	bsf	3,7
  3849     0607  1C21               	btfss	??_fputc+1,0
  3850     0608  1383               	bcf	3,7
  3851     0609  3001               	movlw	1
  3852     060A  0780               	addwf	0,f
  3853     060B  0A84               	incf	4,f
  3854     060C  1803               	skipnc
  3855     060D  0A80               	incf	0,f
  3856     060E                     l816:
  3857     060E  0008               	return
  3858     060F                     __end_of_fputc:
  3859                           
  3860                           	psect	text15
  3861     07FC                     __ptext15:	
  3862 ;; *************** function _putch *****************
  3863 ;; Defined at:
  3864 ;;		line 7 in file "C:\Program Files\Microchip\xc8\v3.10\pic\sources\c99\common\putch.c"
  3865 ;; Parameters:    Size  Location     Type
  3866 ;;  c               1    wreg     unsigned char 
  3867 ;; Auto vars:     Size  Location     Type
  3868 ;;  c               1    0[COMMON] unsigned char 
  3869 ;; Return value:  Size  Location     Type
  3870 ;;                  1    wreg      void 
  3871 ;; Registers used:
  3872 ;;		wreg
  3873 ;; Tracked objects:
  3874 ;;		On entry : 0/0
  3875 ;;		On exit  : 0/0
  3876 ;;		Unchanged: 0/0
  3877 ;; Data sizes:     COMMON   BANK0   BANK1   BANK3   BANK2
  3878 ;;      Params:         0       0       0       0       0
  3879 ;;      Locals:         0       0       0       0       0
  3880 ;;      Temps:          0       0       0       0       0
  3881 ;;      Totals:         0       0       0       0       0
  3882 ;;Total ram usage:        0 bytes
  3883 ;; Hardware stack levels used: 1
  3884 ;; Hardware stack levels required when called: 1
  3885 ;; This function calls:
  3886 ;;		Nothing
  3887 ;; This function is called by:
  3888 ;;		_fputc
  3889 ;; This function uses a non-reentrant model
  3890 ;;
  3891                           
  3892     07FC                     _putch:	
  3893                           ;psect for function _putch
  3894                           
  3895     07FC                     l827:	
  3896                           ;incstack = 0
  3897 ;; hardware stack exceeded
  3898                           ; Regs used in _putch: [wreg]
  3899                           
  3900     07FC  0008               	return
  3901     07FD                     __end_of_putch:
  3902                           
  3903                           	psect	text16
  3904     0D8D                     __ptext16:	
  3905 ;; *************** function ___lwmod *****************
  3906 ;; Defined at:
  3907 ;;		line 5 in file "C:\Program Files\Microchip\xc8\v3.10\pic\sources\c99\common\lwmod.c"
  3908 ;; Parameters:    Size  Location     Type
  3909 ;;  divisor         2    3[COMMON] unsigned int 
  3910 ;;  dividend        2    5[COMMON] unsigned int 
  3911 ;; Auto vars:     Size  Location     Type
  3912 ;;  counter         1    7[COMMON] unsigned char 
  3913 ;; Return value:  Size  Location     Type
  3914 ;;                  2    3[COMMON] unsigned int 
  3915 ;; Registers used:
  3916 ;;		wreg, status,2, status,0
  3917 ;; Tracked objects:
  3918 ;;		On entry : 0/0
  3919 ;;		On exit  : 0/0
  3920 ;;		Unchanged: 0/0
  3921 ;; Data sizes:     COMMON   BANK0   BANK1   BANK3   BANK2
  3922 ;;      Params:         4       0       0       0       0
  3923 ;;      Locals:         1       0       0       0       0
  3924 ;;      Temps:          0       0       0       0       0
  3925 ;;      Totals:         5       0       0       0       0
  3926 ;;Total ram usage:        5 bytes
  3927 ;; Hardware stack levels used: 1
  3928 ;; Hardware stack levels required when called: 1
  3929 ;; This function calls:
  3930 ;;		Nothing
  3931 ;; This function is called by:
  3932 ;;		_EmEspera
  3933 ;;		_displayPH
  3934 ;;		_utoa
  3935 ;; This function uses a non-reentrant model
  3936 ;;
  3937                           
  3938     0D8D                     ___lwmod:	
  3939                           ;psect for function ___lwmod
  3940                           
  3941     0D8D                     l2147:	
  3942                           ;incstack = 0
  3943                           ; Regs used in ___lwmod: [wreg+status,2+status,0]
  3944                           
  3945     0D8D  0873               	movf	___lwmod@divisor,w
  3946     0D8E  0474               	iorwf	___lwmod@divisor+1,w
  3947     0D8F  1903               	btfsc	3,2
  3948     0D90  2D92               	goto	u1961
  3949     0D91  2D93               	goto	u1960
  3950     0D92                     u1961:
  3951     0D92  2DC0               	goto	l2165
  3952     0D93                     u1960:
  3953     0D93                     l2149:
  3954     0D93  3001               	movlw	1
  3955     0D94  00F7               	movwf	___lwmod@counter
  3956     0D95  2D9F               	goto	l2155
  3957     0D96                     l2151:
  3958     0D96  3001               	movlw	1
  3959     0D97                     u1975:
  3960     0D97  1003               	clrc
  3961     0D98  0DF3               	rlf	___lwmod@divisor,f
  3962     0D99  0DF4               	rlf	___lwmod@divisor+1,f
  3963     0D9A  3EFF               	addlw	-1
  3964     0D9B  1D03               	skipz
  3965     0D9C  2D97               	goto	u1975
  3966     0D9D                     l2153:
  3967     0D9D  3001               	movlw	1
  3968     0D9E  07F7               	addwf	___lwmod@counter,f
  3969     0D9F                     l2155:
  3970     0D9F  1FF4               	btfss	___lwmod@divisor+1,7
  3971     0DA0  2DA2               	goto	u1981
  3972     0DA1  2DA3               	goto	u1980
  3973     0DA2                     u1981:
  3974     0DA2  2D96               	goto	l2151
  3975     0DA3                     u1980:
  3976     0DA3                     l2157:
  3977     0DA3  0874               	movf	___lwmod@divisor+1,w
  3978     0DA4  0276               	subwf	___lwmod@dividend+1,w
  3979     0DA5  1D03               	skipz
  3980     0DA6  2DA9               	goto	u1995
  3981     0DA7  0873               	movf	___lwmod@divisor,w
  3982     0DA8  0275               	subwf	___lwmod@dividend,w
  3983     0DA9                     u1995:
  3984     0DA9  1C03               	skipc
  3985     0DAA  2DAC               	goto	u1991
  3986     0DAB  2DAD               	goto	u1990
  3987     0DAC                     u1991:
  3988     0DAC  2DB3               	goto	l2161
  3989     0DAD                     u1990:
  3990     0DAD                     l2159:
  3991     0DAD  0873               	movf	___lwmod@divisor,w
  3992     0DAE  02F5               	subwf	___lwmod@dividend,f
  3993     0DAF  0874               	movf	___lwmod@divisor+1,w
  3994     0DB0  1C03               	skipc
  3995     0DB1  03F6               	decf	___lwmod@dividend+1,f
  3996     0DB2  02F6               	subwf	___lwmod@dividend+1,f
  3997     0DB3                     l2161:
  3998     0DB3  3001               	movlw	1
  3999     0DB4                     u2005:
  4000     0DB4  1003               	clrc
  4001     0DB5  0CF4               	rrf	___lwmod@divisor+1,f
  4002     0DB6  0CF3               	rrf	___lwmod@divisor,f
  4003     0DB7  3EFF               	addlw	-1
  4004     0DB8  1D03               	skipz
  4005     0DB9  2DB4               	goto	u2005
  4006     0DBA                     l2163:
  4007     0DBA  3001               	movlw	1
  4008     0DBB  02F7               	subwf	___lwmod@counter,f
  4009     0DBC  1D03               	btfss	3,2
  4010     0DBD  2DBF               	goto	u2011
  4011     0DBE  2DC0               	goto	u2010
  4012     0DBF                     u2011:
  4013     0DBF  2DA3               	goto	l2157
  4014     0DC0                     u2010:
  4015     0DC0                     l2165:
  4016     0DC0  0876               	movf	___lwmod@dividend+1,w
  4017     0DC1  00F4               	movwf	?___lwmod+1
  4018     0DC2  0875               	movf	___lwmod@dividend,w
  4019     0DC3  00F3               	movwf	?___lwmod
  4020     0DC4                     l565:
  4021     0DC4  0008               	return
  4022     0DC5                     __end_of___lwmod:
  4023                           
  4024                           	psect	text17
  4025     0E00                     __ptext17:	
  4026 ;; *************** function ___lwdiv *****************
  4027 ;; Defined at:
  4028 ;;		line 5 in file "C:\Program Files\Microchip\xc8\v3.10\pic\sources\c99\common\lwdiv.c"
  4029 ;; Parameters:    Size  Location     Type
  4030 ;;  divisor         2    3[COMMON] unsigned int 
  4031 ;;  dividend        2    5[COMMON] unsigned int 
  4032 ;; Auto vars:     Size  Location     Type
  4033 ;;  quotient        2    1[BANK0 ] unsigned int 
  4034 ;;  counter         1    0[BANK0 ] unsigned char 
  4035 ;; Return value:  Size  Location     Type
  4036 ;;                  2    3[COMMON] unsigned int 
  4037 ;; Registers used:
  4038 ;;		wreg, status,2, status,0
  4039 ;; Tracked objects:
  4040 ;;		On entry : 0/0
  4041 ;;		On exit  : 0/0
  4042 ;;		Unchanged: 0/0
  4043 ;; Data sizes:     COMMON   BANK0   BANK1   BANK3   BANK2
  4044 ;;      Params:         4       0       0       0       0
  4045 ;;      Locals:         0       3       0       0       0
  4046 ;;      Temps:          0       0       0       0       0
  4047 ;;      Totals:         4       3       0       0       0
  4048 ;;Total ram usage:        7 bytes
  4049 ;; Hardware stack levels used: 1
  4050 ;; Hardware stack levels required when called: 1
  4051 ;; This function calls:
  4052 ;;		Nothing
  4053 ;; This function is called by:
  4054 ;;		_EmEspera
  4055 ;;		_displayPH
  4056 ;;		_utoa
  4057 ;; This function uses a non-reentrant model
  4058 ;;
  4059                           
  4060     0E00                     ___lwdiv:	
  4061                           ;psect for function ___lwdiv
  4062                           
  4063     0E00                     l2121:	
  4064                           ;incstack = 0
  4065                           ; Regs used in ___lwdiv: [wreg+status,2+status,0]
  4066                           
  4067     0E00  1283               	bcf	3,5	;RP0=0, select bank0
  4068     0E01  1303               	bcf	3,6	;RP1=0, select bank0
  4069     0E02  01A1               	clrf	___lwdiv@quotient
  4070     0E03  01A2               	clrf	___lwdiv@quotient+1
  4071     0E04                     l2123:
  4072     0E04  0873               	movf	___lwdiv@divisor,w
  4073     0E05  0474               	iorwf	___lwdiv@divisor+1,w
  4074     0E06  1903               	btfsc	3,2
  4075     0E07  2E09               	goto	u1891
  4076     0E08  2E0A               	goto	u1890
  4077     0E09                     u1891:
  4078     0E09  2E3F               	goto	l2143
  4079     0E0A                     u1890:
  4080     0E0A                     l2125:
  4081     0E0A  3001               	movlw	1
  4082     0E0B  00A0               	movwf	___lwdiv@counter
  4083     0E0C  2E16               	goto	l2131
  4084     0E0D                     l2127:
  4085     0E0D  3001               	movlw	1
  4086     0E0E                     u1905:
  4087     0E0E  1003               	clrc
  4088     0E0F  0DF3               	rlf	___lwdiv@divisor,f
  4089     0E10  0DF4               	rlf	___lwdiv@divisor+1,f
  4090     0E11  3EFF               	addlw	-1
  4091     0E12  1D03               	skipz
  4092     0E13  2E0E               	goto	u1905
  4093     0E14                     l2129:
  4094     0E14  3001               	movlw	1
  4095     0E15  07A0               	addwf	___lwdiv@counter,f
  4096     0E16                     l2131:
  4097     0E16  1FF4               	btfss	___lwdiv@divisor+1,7
  4098     0E17  2E19               	goto	u1911
  4099     0E18  2E1A               	goto	u1910
  4100     0E19                     u1911:
  4101     0E19  2E0D               	goto	l2127
  4102     0E1A                     u1910:
  4103     0E1A                     l2133:
  4104     0E1A  3001               	movlw	1
  4105     0E1B                     u1925:
  4106     0E1B  1003               	clrc
  4107     0E1C  0DA1               	rlf	___lwdiv@quotient,f
  4108     0E1D  0DA2               	rlf	___lwdiv@quotient+1,f
  4109     0E1E  3EFF               	addlw	-1
  4110     0E1F  1D03               	skipz
  4111     0E20  2E1B               	goto	u1925
  4112     0E21  0874               	movf	___lwdiv@divisor+1,w
  4113     0E22  0276               	subwf	___lwdiv@dividend+1,w
  4114     0E23  1D03               	skipz
  4115     0E24  2E27               	goto	u1935
  4116     0E25  0873               	movf	___lwdiv@divisor,w
  4117     0E26  0275               	subwf	___lwdiv@dividend,w
  4118     0E27                     u1935:
  4119     0E27  1C03               	skipc
  4120     0E28  2E2A               	goto	u1931
  4121     0E29  2E2B               	goto	u1930
  4122     0E2A                     u1931:
  4123     0E2A  2E32               	goto	l2139
  4124     0E2B                     u1930:
  4125     0E2B                     l2135:
  4126     0E2B  0873               	movf	___lwdiv@divisor,w
  4127     0E2C  02F5               	subwf	___lwdiv@dividend,f
  4128     0E2D  0874               	movf	___lwdiv@divisor+1,w
  4129     0E2E  1C03               	skipc
  4130     0E2F  03F6               	decf	___lwdiv@dividend+1,f
  4131     0E30  02F6               	subwf	___lwdiv@dividend+1,f
  4132     0E31                     l2137:
  4133     0E31  1421               	bsf	___lwdiv@quotient,0
  4134     0E32                     l2139:
  4135     0E32  3001               	movlw	1
  4136     0E33                     u1945:
  4137     0E33  1003               	clrc
  4138     0E34  0CF4               	rrf	___lwdiv@divisor+1,f
  4139     0E35  0CF3               	rrf	___lwdiv@divisor,f
  4140     0E36  3EFF               	addlw	-1
  4141     0E37  1D03               	skipz
  4142     0E38  2E33               	goto	u1945
  4143     0E39                     l2141:
  4144     0E39  3001               	movlw	1
  4145     0E3A  02A0               	subwf	___lwdiv@counter,f
  4146     0E3B  1D03               	btfss	3,2
  4147     0E3C  2E3E               	goto	u1951
  4148     0E3D  2E3F               	goto	u1950
  4149     0E3E                     u1951:
  4150     0E3E  2E1A               	goto	l2133
  4151     0E3F                     u1950:
  4152     0E3F                     l2143:
  4153     0E3F  0822               	movf	___lwdiv@quotient+1,w
  4154     0E40  00F4               	movwf	?___lwdiv+1
  4155     0E41  0821               	movf	___lwdiv@quotient,w
  4156     0E42  00F3               	movwf	?___lwdiv
  4157     0E43                     l555:
  4158     0E43  0008               	return
  4159     0E44                     __end_of___lwdiv:
  4160                           
  4161                           	psect	text18
  4162     0245                     __ptext18:	
  4163 ;; *************** function _read_prec_or_width *****************
  4164 ;; Defined at:
  4165 ;;		line 1158 in file "C:\Program Files\Microchip\xc8\v3.10\pic\sources\c99\common\doprnt.c"
  4166 ;; Parameters:    Size  Location     Type
  4167 ;;  fmt             1    0[BANK0 ] PTR PTR const unsigned c
  4168 ;;		 -> vfprintf@cfmt(1), 
  4169 ;;  ap              1    1[BANK0 ] PTR PTR void [1]
  4170 ;;		 -> sprintf@ap(1), 
  4171 ;; Auto vars:     Size  Location     Type
  4172 ;;  c               1    2[BANK0 ] unsigned char 
  4173 ;;  n               2    3[BANK0 ] int 
  4174 ;; Return value:  Size  Location     Type
  4175 ;;                  2    0[BANK0 ] int 
  4176 ;; Registers used:
  4177 ;;		wreg, fsr0l, fsr0h, status,2, status,0, pclath, btemp1, cstack
  4178 ;; Tracked objects:
  4179 ;;		On entry : 0/0
  4180 ;;		On exit  : 0/0
  4181 ;;		Unchanged: 0/0
  4182 ;; Data sizes:     COMMON   BANK0   BANK1   BANK3   BANK2
  4183 ;;      Params:         0       2       0       0       0
  4184 ;;      Locals:         0       3       0       0       0
  4185 ;;      Temps:          0       0       0       0       0
  4186 ;;      Totals:         0       5       0       0       0
  4187 ;;Total ram usage:        5 bytes
  4188 ;; Hardware stack levels used: 1
  4189 ;; Hardware stack levels required when called: 2
  4190 ;; This function calls:
  4191 ;;		___wmul
  4192 ;; This function is called by:
  4193 ;;		_vfpfcnvrt
  4194 ;; This function uses a non-reentrant model
  4195 ;;
  4196                           
  4197     0245                     _read_prec_or_width:	
  4198                           ;psect for function _read_prec_or_width
  4199                           
  4200     0245                     l2215:	
  4201                           ;incstack = 0
  4202                           ; Regs used in _read_prec_or_width: [wreg-fsr0h+status,2+status,0+pclath+btemp1+cstack]
  4203                           
  4204                           
  4205                           ;C:\Program Files\Microchip\xc8\v3.10\pic\sources\c99\common\doprnt.c: 1159:     int n =
      +                           0;
  4206     0245  1283               	bcf	3,5	;RP0=0, select bank0
  4207     0246  1303               	bcf	3,6	;RP1=0, select bank0
  4208     0247  01A3               	clrf	read_prec_or_width@n
  4209     0248  01A4               	clrf	read_prec_or_width@n+1
  4210     0249                     l2217:
  4211                           
  4212                           ;C:\Program Files\Microchip\xc8\v3.10\pic\sources\c99\common\doprnt.c: 1160:     if ((*f
      +                          mt)[0] == '*') {
  4213     0249  0820               	movf	read_prec_or_width@fmt,w
  4214     024A  0084               	movwf	4
  4215     024B  1383               	bcf	3,7	;select IRP bank0
  4216     024C  0800               	movf	0,w
  4217     024D  0084               	movwf	4
  4218     024E  120A  118A  230A  120A  118A  	fcall	stringdir
  4219     0253  3A2A               	xorlw	42
  4220     0254  1D03               	skipz
  4221     0255  2A57               	goto	u2111
  4222     0256  2A58               	goto	u2110
  4223     0257                     u2111:
  4224     0257  2A86               	goto	l2227
  4225     0258                     u2110:
  4226     0258                     l2219:
  4227                           
  4228                           ;C:\Program Files\Microchip\xc8\v3.10\pic\sources\c99\common\doprnt.c: 1161:         ++*
      +                          fmt;
  4229     0258  0820               	movf	read_prec_or_width@fmt,w
  4230     0259  0084               	movwf	4
  4231     025A  3001               	movlw	1
  4232     025B  0780               	addwf	0,f
  4233     025C                     l2221:
  4234                           
  4235                           ;C:\Program Files\Microchip\xc8\v3.10\pic\sources\c99\common\doprnt.c: 1162:         n =
      +                           (*(int *)__va_arg(*(int **)*ap, (int)0));
  4236     025C  0821               	movf	read_prec_or_width@ap,w
  4237     025D  0084               	movwf	4
  4238     025E  0800               	movf	0,w
  4239     025F  00FF               	movwf	btemp1
  4240     0260  3002               	movlw	2
  4241     0261  0780               	addwf	0,f
  4242     0262  087F               	movf	btemp1,w
  4243     0263  0084               	movwf	4
  4244     0264  0800               	movf	0,w
  4245     0265  00A3               	movwf	read_prec_or_width@n
  4246     0266  0A84               	incf	4,f
  4247     0267  0800               	movf	0,w
  4248     0268  00A4               	movwf	read_prec_or_width@n+1
  4249                           
  4250                           ;C:\Program Files\Microchip\xc8\v3.10\pic\sources\c99\common\doprnt.c: 1163:     } else 
      +                          {
  4251     0269  2A97               	goto	l2229
  4252     026A                     l2223:
  4253                           
  4254                           ;C:\Program Files\Microchip\xc8\v3.10\pic\sources\c99\common\doprnt.c: 1166:            
      +                           n = n * 10 + c;
  4255     026A  0824               	movf	read_prec_or_width@n+1,w
  4256     026B  00F4               	movwf	___wmul@multiplier+1
  4257     026C  0823               	movf	read_prec_or_width@n,w
  4258     026D  00F3               	movwf	___wmul@multiplier
  4259     026E  300A               	movlw	10
  4260     026F  00F5               	movwf	___wmul@multiplicand
  4261     0270  3000               	movlw	0
  4262     0271  00F6               	movwf	___wmul@multiplicand+1
  4263     0272  120A  158A  24FD  120A  118A  	fcall	___wmul
  4264     0277  1283               	bcf	3,5	;RP0=0, select bank0
  4265     0278  1303               	bcf	3,6	;RP1=0, select bank0
  4266     0279  0822               	movf	read_prec_or_width@c,w
  4267     027A  0773               	addwf	?___wmul,w
  4268     027B  00A3               	movwf	read_prec_or_width@n
  4269     027C  3000               	movlw	0
  4270     027D  1803               	skipnc
  4271     027E  3001               	movlw	1
  4272     027F  0774               	addwf	?___wmul+1,w
  4273     0280  00A4               	movwf	read_prec_or_width@n+1
  4274     0281                     l2225:
  4275                           
  4276                           ;C:\Program Files\Microchip\xc8\v3.10\pic\sources\c99\common\doprnt.c: 1167:            
      +                           ++*fmt;
  4277     0281  0820               	movf	read_prec_or_width@fmt,w
  4278     0282  0084               	movwf	4
  4279     0283  3001               	movlw	1
  4280     0284  1383               	bcf	3,7	;select IRP bank0
  4281     0285  0780               	addwf	0,f
  4282     0286                     l2227:
  4283                           
  4284                           ;C:\Program Files\Microchip\xc8\v3.10\pic\sources\c99\common\doprnt.c: 1165:         whi
      +                          le ((c = ((unsigned)(*fmt)[0]) - '0') < 10) {
  4285     0286  0820               	movf	read_prec_or_width@fmt,w
  4286     0287  0084               	movwf	4
  4287     0288  0800               	movf	0,w
  4288     0289  0084               	movwf	4
  4289     028A  120A  118A  230A  120A  118A  	fcall	stringdir
  4290     028F  3ED0               	addlw	208
  4291     0290  00A2               	movwf	read_prec_or_width@c
  4292     0291  300A               	movlw	10
  4293     0292  0222               	subwf	read_prec_or_width@c,w
  4294     0293  1C03               	skipc
  4295     0294  2A96               	goto	u2121
  4296     0295  2A97               	goto	u2120
  4297     0296                     u2121:
  4298     0296  2A6A               	goto	l2223
  4299     0297                     u2120:
  4300     0297                     l2229:
  4301                           
  4302                           ;C:\Program Files\Microchip\xc8\v3.10\pic\sources\c99\common\doprnt.c: 1170:     return 
      +                          n;
  4303     0297  0824               	movf	read_prec_or_width@n+1,w
  4304     0298  00A1               	movwf	?_read_prec_or_width+1
  4305     0299  0823               	movf	read_prec_or_width@n,w
  4306     029A  00A0               	movwf	?_read_prec_or_width
  4307     029B                     l779:
  4308     029B  0008               	return
  4309     029C                     __end_of_read_prec_or_width:
  4310                           
  4311                           	psect	text19
  4312     0CFD                     __ptext19:	
  4313 ;; *************** function ___wmul *****************
  4314 ;; Defined at:
  4315 ;;		line 15 in file "C:\Program Files\Microchip\xc8\v3.10\pic\sources\c99\common\Umul16.c"
  4316 ;; Parameters:    Size  Location     Type
  4317 ;;  multiplier      2    3[COMMON] unsigned int 
  4318 ;;  multiplicand    2    5[COMMON] unsigned int 
  4319 ;; Auto vars:     Size  Location     Type
  4320 ;;  product         2    7[COMMON] unsigned int 
  4321 ;; Return value:  Size  Location     Type
  4322 ;;                  2    3[COMMON] unsigned int 
  4323 ;; Registers used:
  4324 ;;		wreg, status,2, status,0
  4325 ;; Tracked objects:
  4326 ;;		On entry : 0/0
  4327 ;;		On exit  : 0/0
  4328 ;;		Unchanged: 0/0
  4329 ;; Data sizes:     COMMON   BANK0   BANK1   BANK3   BANK2
  4330 ;;      Params:         4       0       0       0       0
  4331 ;;      Locals:         2       0       0       0       0
  4332 ;;      Temps:          0       0       0       0       0
  4333 ;;      Totals:         6       0       0       0       0
  4334 ;;Total ram usage:        6 bytes
  4335 ;; Hardware stack levels used: 1
  4336 ;; Hardware stack levels required when called: 1
  4337 ;; This function calls:
  4338 ;;		Nothing
  4339 ;; This function is called by:
  4340 ;;		_read_prec_or_width
  4341 ;; This function uses a non-reentrant model
  4342 ;;
  4343                           
  4344     0CFD                     ___wmul:	
  4345                           ;psect for function ___wmul
  4346                           
  4347     0CFD                     l2107:	
  4348                           ;incstack = 0
  4349                           ; Regs used in ___wmul: [wreg+status,2+status,0]
  4350                           
  4351     0CFD  01F7               	clrf	___wmul@product
  4352     0CFE  01F8               	clrf	___wmul@product+1
  4353     0CFF                     l2109:
  4354     0CFF  1C73               	btfss	___wmul@multiplier,0
  4355     0D00  2D02               	goto	u1851
  4356     0D01  2D03               	goto	u1850
  4357     0D02                     u1851:
  4358     0D02  2D09               	goto	l275
  4359     0D03                     u1850:
  4360     0D03                     l2111:
  4361     0D03  0875               	movf	___wmul@multiplicand,w
  4362     0D04  07F7               	addwf	___wmul@product,f
  4363     0D05  1803               	skipnc
  4364     0D06  0AF8               	incf	___wmul@product+1,f
  4365     0D07  0876               	movf	___wmul@multiplicand+1,w
  4366     0D08  07F8               	addwf	___wmul@product+1,f
  4367     0D09                     l275:
  4368     0D09  3001               	movlw	1
  4369     0D0A                     u1865:
  4370     0D0A  1003               	clrc
  4371     0D0B  0DF5               	rlf	___wmul@multiplicand,f
  4372     0D0C  0DF6               	rlf	___wmul@multiplicand+1,f
  4373     0D0D  3EFF               	addlw	-1
  4374     0D0E  1D03               	skipz
  4375     0D0F  2D0A               	goto	u1865
  4376     0D10                     l2113:
  4377     0D10  3001               	movlw	1
  4378     0D11                     u1875:
  4379     0D11  1003               	clrc
  4380     0D12  0CF4               	rrf	___wmul@multiplier+1,f
  4381     0D13  0CF3               	rrf	___wmul@multiplier,f
  4382     0D14  3EFF               	addlw	-1
  4383     0D15  1D03               	skipz
  4384     0D16  2D11               	goto	u1875
  4385     0D17                     l2115:
  4386     0D17  0873               	movf	___wmul@multiplier,w
  4387     0D18  0474               	iorwf	___wmul@multiplier+1,w
  4388     0D19  1D03               	btfss	3,2
  4389     0D1A  2D1C               	goto	u1881
  4390     0D1B  2D1D               	goto	u1880
  4391     0D1C                     u1881:
  4392     0D1C  2CFF               	goto	l2109
  4393     0D1D                     u1880:
  4394     0D1D                     l2117:
  4395     0D1D  0878               	movf	___wmul@product+1,w
  4396     0D1E  00F4               	movwf	?___wmul+1
  4397     0D1F  0877               	movf	___wmul@product,w
  4398     0D20  00F3               	movwf	?___wmul
  4399     0D21                     l277:
  4400     0D21  0008               	return
  4401     0D22                     __end_of___wmul:
  4402                           
  4403                           	psect	text20
  4404     0F66                     __ptext20:	
  4405 ;; *************** function _ler_umidade *****************
  4406 ;; Defined at:
  4407 ;;		line 227 in file "main.c"
  4408 ;; Parameters:    Size  Location     Type
  4409 ;;		None
  4410 ;; Auto vars:     Size  Location     Type
  4411 ;;  leitura         2   24[BANK0 ] unsigned int 
  4412 ;; Return value:  Size  Location     Type
  4413 ;;                  2   21[BANK0 ] unsigned int 
  4414 ;; Registers used:
  4415 ;;		wreg, status,2, status,0, pclath, cstack
  4416 ;; Tracked objects:
  4417 ;;		On entry : 0/0
  4418 ;;		On exit  : 0/0
  4419 ;;		Unchanged: 0/0
  4420 ;; Data sizes:     COMMON   BANK0   BANK1   BANK3   BANK2
  4421 ;;      Params:         0       2       0       0       0
  4422 ;;      Locals:         0       2       0       0       0
  4423 ;;      Temps:          0       1       0       0       0
  4424 ;;      Totals:         0       5       0       0       0
  4425 ;;Total ram usage:        5 bytes
  4426 ;; Hardware stack levels used: 1
  4427 ;; Hardware stack levels required when called: 1
  4428 ;; This function calls:
  4429 ;;		___lldiv
  4430 ;;		___lmul
  4431 ;; This function is called by:
  4432 ;;		_EmEspera
  4433 ;;		_displayI
  4434 ;;		_main
  4435 ;; This function uses a non-reentrant model
  4436 ;;
  4437                           
  4438     0F66                     _ler_umidade:	
  4439                           ;psect for function _ler_umidade
  4440                           
  4441     0F66                     l2427:	
  4442                           ;incstack = 0
  4443                           ; Regs used in _ler_umidade: [wreg+status,2+status,0+pclath+cstack]
  4444                           
  4445                           
  4446                           ;main.c: 229:     ADCON0bits.CHS0 = 0; ADCON0bits.CHS1 = 0; ADCON0bits.CHS2 = 0;
  4447     0F66  1283               	bcf	3,5	;RP0=0, select bank0
  4448     0F67  1303               	bcf	3,6	;RP1=0, select bank0
  4449     0F68  119F               	bcf	31,3	;volatile
  4450     0F69  121F               	bcf	31,4	;volatile
  4451     0F6A  129F               	bcf	31,5	;volatile
  4452     0F6B                     l2429:
  4453                           
  4454                           ;main.c: 230:     _delay((unsigned long)((20)*(4000000/4000000.0)));
  4455     0F6B  3005               	movlw	5
  4456     0F6C  1283               	bcf	3,5	;RP0=0, select bank0
  4457     0F6D  1303               	bcf	3,6	;RP1=0, select bank0
  4458     0F6E  00B7               	movwf	??_ler_umidade
  4459     0F6F                     u2717:
  4460     0F6F  0BB7               	decfsz	??_ler_umidade,f
  4461     0F70  2F6F               	goto	u2717
  4462     0F71  2F72               	nop2
  4463     0F72                     l2431:
  4464                           
  4465                           ;main.c: 231:     ADCON0bits.GO = 1;
  4466     0F72  1283               	bcf	3,5	;RP0=0, select bank0
  4467     0F73  1303               	bcf	3,6	;RP1=0, select bank0
  4468     0F74  151F               	bsf	31,2	;volatile
  4469     0F75                     l134:	
  4470                           ;main.c: 232:     while(ADCON0bits.GO);
  4471                           
  4472     0F75  191F               	btfsc	31,2	;volatile
  4473     0F76  2F78               	goto	u2431
  4474     0F77  2F79               	goto	u2430
  4475     0F78                     u2431:
  4476     0F78  2F75               	goto	l134
  4477     0F79                     u2430:
  4478     0F79                     l2433:
  4479                           
  4480                           ;main.c: 233:     unsigned int leitura = ((ADRESH << 8) + ADRESL);
  4481     0F79  081E               	movf	30,w	;volatile
  4482     0F7A  00B9               	movwf	ler_umidade@leitura+1
  4483     0F7B  1683               	bsf	3,5	;RP0=1, select bank1
  4484     0F7C  1303               	bcf	3,6	;RP1=0, select bank1
  4485     0F7D  081E               	movf	30,w	;volatile
  4486     0F7E  1283               	bcf	3,5	;RP0=0, select bank0
  4487     0F7F  1303               	bcf	3,6	;RP1=0, select bank0
  4488     0F80  00B8               	movwf	ler_umidade@leitura
  4489     0F81                     l2435:
  4490                           
  4491                           ;main.c: 235:     return (unsigned int)( ((unsigned long)leitura * 100) / 1023 );
  4492     0F81  3000               	movlw	0
  4493     0F82  00AB               	movwf	___lldiv@divisor+3
  4494     0F83  3000               	movlw	0
  4495     0F84  00AA               	movwf	___lldiv@divisor+2
  4496     0F85  3003               	movlw	3
  4497     0F86  00A9               	movwf	___lldiv@divisor+1
  4498     0F87  30FF               	movlw	255
  4499     0F88  00A8               	movwf	___lldiv@divisor
  4500     0F89  0838               	movf	ler_umidade@leitura,w
  4501     0F8A  00A0               	movwf	___lmul@multiplier
  4502     0F8B  0839               	movf	ler_umidade@leitura+1,w
  4503     0F8C  00A1               	movwf	___lmul@multiplier+1
  4504     0F8D  01A2               	clrf	___lmul@multiplier+2
  4505     0F8E  01A3               	clrf	___lmul@multiplier+3
  4506     0F8F  3000               	movlw	0
  4507     0F90  00A7               	movwf	___lmul@multiplicand+3
  4508     0F91  3000               	movlw	0
  4509     0F92  00A6               	movwf	___lmul@multiplicand+2
  4510     0F93  3000               	movlw	0
  4511     0F94  00A5               	movwf	___lmul@multiplicand+1
  4512     0F95  3064               	movlw	100
  4513     0F96  00A4               	movwf	___lmul@multiplicand
  4514     0F97  120A  158A  268A  120A  158A  	fcall	___lmul
  4515     0F9C  1283               	bcf	3,5	;RP0=0, select bank0
  4516     0F9D  1303               	bcf	3,6	;RP1=0, select bank0
  4517     0F9E  0823               	movf	?___lmul+3,w
  4518     0F9F  00AF               	movwf	___lldiv@dividend+3
  4519     0FA0  0822               	movf	?___lmul+2,w
  4520     0FA1  00AE               	movwf	___lldiv@dividend+2
  4521     0FA2  0821               	movf	?___lmul+1,w
  4522     0FA3  00AD               	movwf	___lldiv@dividend+1
  4523     0FA4  0820               	movf	?___lmul,w
  4524     0FA5  00AC               	movwf	___lldiv@dividend
  4525     0FA6  120A  118A  270E  120A  158A  	fcall	___lldiv
  4526     0FAB  1283               	bcf	3,5	;RP0=0, select bank0
  4527     0FAC  1303               	bcf	3,6	;RP1=0, select bank0
  4528     0FAD  0829               	movf	?___lldiv+1,w
  4529     0FAE  00B6               	movwf	?_ler_umidade+1
  4530     0FAF  0828               	movf	?___lldiv,w
  4531     0FB0  00B5               	movwf	?_ler_umidade
  4532     0FB1                     l137:
  4533     0FB1  0008               	return
  4534     0FB2                     __end_of_ler_umidade:
  4535                           
  4536                           	psect	text21
  4537     0F1A                     __ptext21:	
  4538 ;; *************** function _ler_ph *****************
  4539 ;; Defined at:
  4540 ;;		line 238 in file "main.c"
  4541 ;; Parameters:    Size  Location     Type
  4542 ;;		None
  4543 ;; Auto vars:     Size  Location     Type
  4544 ;;  leitura         2   24[BANK0 ] unsigned int 
  4545 ;; Return value:  Size  Location     Type
  4546 ;;                  2   21[BANK0 ] unsigned int 
  4547 ;; Registers used:
  4548 ;;		wreg, status,2, status,0, pclath, cstack
  4549 ;; Tracked objects:
  4550 ;;		On entry : 0/0
  4551 ;;		On exit  : 0/0
  4552 ;;		Unchanged: 0/0
  4553 ;; Data sizes:     COMMON   BANK0   BANK1   BANK3   BANK2
  4554 ;;      Params:         0       2       0       0       0
  4555 ;;      Locals:         0       2       0       0       0
  4556 ;;      Temps:          0       1       0       0       0
  4557 ;;      Totals:         0       5       0       0       0
  4558 ;;Total ram usage:        5 bytes
  4559 ;; Hardware stack levels used: 1
  4560 ;; Hardware stack levels required when called: 1
  4561 ;; This function calls:
  4562 ;;		___lldiv
  4563 ;;		___lmul
  4564 ;; This function is called by:
  4565 ;;		_EmEspera
  4566 ;;		_displayPH
  4567 ;;		_main
  4568 ;; This function uses a non-reentrant model
  4569 ;;
  4570                           
  4571     0F1A                     _ler_ph:	
  4572                           ;psect for function _ler_ph
  4573                           
  4574     0F1A                     l2453:	
  4575                           ;incstack = 0
  4576                           ; Regs used in _ler_ph: [wreg+status,2+status,0+pclath+cstack]
  4577                           
  4578                           
  4579                           ;main.c: 240:     ADCON0bits.CHS0 = 1; ADCON0bits.CHS1 = 0; ADCON0bits.CHS2 = 0;
  4580     0F1A  1283               	bcf	3,5	;RP0=0, select bank0
  4581     0F1B  1303               	bcf	3,6	;RP1=0, select bank0
  4582     0F1C  159F               	bsf	31,3	;volatile
  4583     0F1D  121F               	bcf	31,4	;volatile
  4584     0F1E  129F               	bcf	31,5	;volatile
  4585     0F1F                     l2455:
  4586                           
  4587                           ;main.c: 241:     _delay((unsigned long)((20)*(4000000/4000000.0)));
  4588     0F1F  3005               	movlw	5
  4589     0F20  1283               	bcf	3,5	;RP0=0, select bank0
  4590     0F21  1303               	bcf	3,6	;RP1=0, select bank0
  4591     0F22  00B7               	movwf	??_ler_ph
  4592     0F23                     u2727:
  4593     0F23  0BB7               	decfsz	??_ler_ph,f
  4594     0F24  2F23               	goto	u2727
  4595     0F25  2F26               	nop2
  4596     0F26                     l2457:
  4597                           
  4598                           ;main.c: 242:     ADCON0bits.GO = 1;
  4599     0F26  1283               	bcf	3,5	;RP0=0, select bank0
  4600     0F27  1303               	bcf	3,6	;RP1=0, select bank0
  4601     0F28  151F               	bsf	31,2	;volatile
  4602     0F29                     l140:	
  4603                           ;main.c: 243:     while(ADCON0bits.GO);
  4604                           
  4605     0F29  191F               	btfsc	31,2	;volatile
  4606     0F2A  2F2C               	goto	u2441
  4607     0F2B  2F2D               	goto	u2440
  4608     0F2C                     u2441:
  4609     0F2C  2F29               	goto	l140
  4610     0F2D                     u2440:
  4611     0F2D                     l2459:
  4612                           
  4613                           ;main.c: 244:     unsigned int leitura = ((ADRESH << 8) + ADRESL);
  4614     0F2D  081E               	movf	30,w	;volatile
  4615     0F2E  00B9               	movwf	ler_ph@leitura+1
  4616     0F2F  1683               	bsf	3,5	;RP0=1, select bank1
  4617     0F30  1303               	bcf	3,6	;RP1=0, select bank1
  4618     0F31  081E               	movf	30,w	;volatile
  4619     0F32  1283               	bcf	3,5	;RP0=0, select bank0
  4620     0F33  1303               	bcf	3,6	;RP1=0, select bank0
  4621     0F34  00B8               	movwf	ler_ph@leitura
  4622     0F35                     l2461:
  4623                           
  4624                           ;main.c: 247:     return (unsigned int)( ((unsigned long)leitura * 1400) / 1023 );
  4625     0F35  3000               	movlw	0
  4626     0F36  00AB               	movwf	___lldiv@divisor+3
  4627     0F37  3000               	movlw	0
  4628     0F38  00AA               	movwf	___lldiv@divisor+2
  4629     0F39  3003               	movlw	3
  4630     0F3A  00A9               	movwf	___lldiv@divisor+1
  4631     0F3B  30FF               	movlw	255
  4632     0F3C  00A8               	movwf	___lldiv@divisor
  4633     0F3D  0838               	movf	ler_ph@leitura,w
  4634     0F3E  00A0               	movwf	___lmul@multiplier
  4635     0F3F  0839               	movf	ler_ph@leitura+1,w
  4636     0F40  00A1               	movwf	___lmul@multiplier+1
  4637     0F41  01A2               	clrf	___lmul@multiplier+2
  4638     0F42  01A3               	clrf	___lmul@multiplier+3
  4639     0F43  3000               	movlw	0
  4640     0F44  00A7               	movwf	___lmul@multiplicand+3
  4641     0F45  3000               	movlw	0
  4642     0F46  00A6               	movwf	___lmul@multiplicand+2
  4643     0F47  3005               	movlw	5
  4644     0F48  00A5               	movwf	___lmul@multiplicand+1
  4645     0F49  3078               	movlw	120
  4646     0F4A  00A4               	movwf	___lmul@multiplicand
  4647     0F4B  120A  158A  268A  120A  158A  	fcall	___lmul
  4648     0F50  1283               	bcf	3,5	;RP0=0, select bank0
  4649     0F51  1303               	bcf	3,6	;RP1=0, select bank0
  4650     0F52  0823               	movf	?___lmul+3,w
  4651     0F53  00AF               	movwf	___lldiv@dividend+3
  4652     0F54  0822               	movf	?___lmul+2,w
  4653     0F55  00AE               	movwf	___lldiv@dividend+2
  4654     0F56  0821               	movf	?___lmul+1,w
  4655     0F57  00AD               	movwf	___lldiv@dividend+1
  4656     0F58  0820               	movf	?___lmul,w
  4657     0F59  00AC               	movwf	___lldiv@dividend
  4658     0F5A  120A  118A  270E  120A  158A  	fcall	___lldiv
  4659     0F5F  1283               	bcf	3,5	;RP0=0, select bank0
  4660     0F60  1303               	bcf	3,6	;RP1=0, select bank0
  4661     0F61  0829               	movf	?___lldiv+1,w
  4662     0F62  00B6               	movwf	?_ler_ph+1
  4663     0F63  0828               	movf	?___lldiv,w
  4664     0F64  00B5               	movwf	?_ler_ph
  4665     0F65                     l143:
  4666     0F65  0008               	return
  4667     0F66                     __end_of_ler_ph:
  4668                           
  4669                           	psect	text22
  4670     0E8A                     __ptext22:	
  4671 ;; *************** function ___lmul *****************
  4672 ;; Defined at:
  4673 ;;		line 15 in file "C:\Program Files\Microchip\xc8\v3.10\pic\sources\c99\common\Umul32.c"
  4674 ;; Parameters:    Size  Location     Type
  4675 ;;  multiplier      4    0[BANK0 ] unsigned long 
  4676 ;;  multiplicand    4    4[BANK0 ] unsigned long 
  4677 ;; Auto vars:     Size  Location     Type
  4678 ;;  product         4    4[COMMON] unsigned long 
  4679 ;; Return value:  Size  Location     Type
  4680 ;;                  4    0[BANK0 ] unsigned long 
  4681 ;; Registers used:
  4682 ;;		wreg, status,2, status,0
  4683 ;; Tracked objects:
  4684 ;;		On entry : 0/0
  4685 ;;		On exit  : 0/0
  4686 ;;		Unchanged: 0/0
  4687 ;; Data sizes:     COMMON   BANK0   BANK1   BANK3   BANK2
  4688 ;;      Params:         0       8       0       0       0
  4689 ;;      Locals:         4       0       0       0       0
  4690 ;;      Temps:          1       0       0       0       0
  4691 ;;      Totals:         5       8       0       0       0
  4692 ;;Total ram usage:       13 bytes
  4693 ;; Hardware stack levels used: 1
  4694 ;; Hardware stack levels required when called: 1
  4695 ;; This function calls:
  4696 ;;		Nothing
  4697 ;; This function is called by:
  4698 ;;		_ler_umidade
  4699 ;;		_ler_ph
  4700 ;; This function uses a non-reentrant model
  4701 ;;
  4702                           
  4703     0E8A                     ___lmul:	
  4704                           ;psect for function ___lmul
  4705                           
  4706     0E8A                     l2337:	
  4707                           ;incstack = 0
  4708                           ; Regs used in ___lmul: [wreg+status,2+status,0]
  4709                           
  4710     0E8A  3000               	movlw	0
  4711     0E8B  00F7               	movwf	___lmul@product+3
  4712     0E8C  3000               	movlw	0
  4713     0E8D  00F6               	movwf	___lmul@product+2
  4714     0E8E  3000               	movlw	0
  4715     0E8F  00F5               	movwf	___lmul@product+1
  4716     0E90  3000               	movlw	0
  4717     0E91  00F4               	movwf	___lmul@product
  4718     0E92                     l2339:
  4719     0E92  1283               	bcf	3,5	;RP0=0, select bank0
  4720     0E93  1303               	bcf	3,6	;RP1=0, select bank0
  4721     0E94  1C20               	btfss	___lmul@multiplier,0
  4722     0E95  2E97               	goto	u2231
  4723     0E96  2E98               	goto	u2230
  4724     0E97                     u2231:
  4725     0E97  2EAF               	goto	l2343
  4726     0E98                     u2230:
  4727     0E98                     l2341:
  4728     0E98  0824               	movf	___lmul@multiplicand,w
  4729     0E99  07F4               	addwf	___lmul@product,f
  4730     0E9A  0825               	movf	___lmul@multiplicand+1,w
  4731     0E9B  1103               	clrz
  4732     0E9C  1803               	skipnc
  4733     0E9D  3E01               	addlw	1
  4734     0E9E  1903               	skipnz
  4735     0E9F  2EA1               	goto	u2241
  4736     0EA0  07F5               	addwf	___lmul@product+1,f
  4737     0EA1                     u2241:
  4738     0EA1  0826               	movf	___lmul@multiplicand+2,w
  4739     0EA2  1103               	clrz
  4740     0EA3  1803               	skipnc
  4741     0EA4  3E01               	addlw	1
  4742     0EA5  1903               	skipnz
  4743     0EA6  2EA8               	goto	u2242
  4744     0EA7  07F6               	addwf	___lmul@product+2,f
  4745     0EA8                     u2242:
  4746     0EA8  0827               	movf	___lmul@multiplicand+3,w
  4747     0EA9  1103               	clrz
  4748     0EAA  1803               	skipnc
  4749     0EAB  3E01               	addlw	1
  4750     0EAC  1903               	skipnz
  4751     0EAD  2EAF               	goto	u2243
  4752     0EAE  07F7               	addwf	___lmul@product+3,f
  4753     0EAF                     u2243:
  4754     0EAF                     l2343:
  4755     0EAF  3001               	movlw	1
  4756     0EB0  00F3               	movwf	??___lmul
  4757     0EB1                     u2255:
  4758     0EB1  1003               	clrc
  4759     0EB2  0DA4               	rlf	___lmul@multiplicand,f
  4760     0EB3  0DA5               	rlf	___lmul@multiplicand+1,f
  4761     0EB4  0DA6               	rlf	___lmul@multiplicand+2,f
  4762     0EB5  0DA7               	rlf	___lmul@multiplicand+3,f
  4763     0EB6  0BF3               	decfsz	??___lmul,f
  4764     0EB7  2EB1               	goto	u2255
  4765     0EB8                     l2345:
  4766     0EB8  3001               	movlw	1
  4767     0EB9                     u2265:
  4768     0EB9  1003               	clrc
  4769     0EBA  0CA3               	rrf	___lmul@multiplier+3,f
  4770     0EBB  0CA2               	rrf	___lmul@multiplier+2,f
  4771     0EBC  0CA1               	rrf	___lmul@multiplier+1,f
  4772     0EBD  0CA0               	rrf	___lmul@multiplier,f
  4773     0EBE  3EFF               	addlw	-1
  4774     0EBF  1D03               	skipz
  4775     0EC0  2EB9               	goto	u2265
  4776     0EC1  0823               	movf	___lmul@multiplier+3,w
  4777     0EC2  0422               	iorwf	___lmul@multiplier+2,w
  4778     0EC3  0421               	iorwf	___lmul@multiplier+1,w
  4779     0EC4  0420               	iorwf	___lmul@multiplier,w
  4780     0EC5  1D03               	skipz
  4781     0EC6  2EC8               	goto	u2271
  4782     0EC7  2EC9               	goto	u2270
  4783     0EC8                     u2271:
  4784     0EC8  2E92               	goto	l2339
  4785     0EC9                     u2270:
  4786     0EC9                     l2347:
  4787     0EC9  0877               	movf	___lmul@product+3,w
  4788     0ECA  00A3               	movwf	?___lmul+3
  4789     0ECB  0876               	movf	___lmul@product+2,w
  4790     0ECC  00A2               	movwf	?___lmul+2
  4791     0ECD  0875               	movf	___lmul@product+1,w
  4792     0ECE  00A1               	movwf	?___lmul+1
  4793     0ECF  0874               	movf	___lmul@product,w
  4794     0ED0  00A0               	movwf	?___lmul
  4795     0ED1                     l289:
  4796     0ED1  0008               	return
  4797     0ED2                     __end_of___lmul:
  4798                           
  4799                           	psect	text23
  4800     070E                     __ptext23:	
  4801 ;; *************** function ___lldiv *****************
  4802 ;; Defined at:
  4803 ;;		line 5 in file "C:\Program Files\Microchip\xc8\v3.10\pic\sources\c99\common\__lldiv.c"
  4804 ;; Parameters:    Size  Location     Type
  4805 ;;  divisor         4    8[BANK0 ] unsigned long 
  4806 ;;  dividend        4   12[BANK0 ] unsigned long 
  4807 ;; Auto vars:     Size  Location     Type
  4808 ;;  quotient        4   16[BANK0 ] unsigned long 
  4809 ;;  counter         1   20[BANK0 ] unsigned char 
  4810 ;; Return value:  Size  Location     Type
  4811 ;;                  4    8[BANK0 ] unsigned long 
  4812 ;; Registers used:
  4813 ;;		wreg, status,2, status,0
  4814 ;; Tracked objects:
  4815 ;;		On entry : 0/0
  4816 ;;		On exit  : 0/0
  4817 ;;		Unchanged: 0/0
  4818 ;; Data sizes:     COMMON   BANK0   BANK1   BANK3   BANK2
  4819 ;;      Params:         0       8       0       0       0
  4820 ;;      Locals:         0       5       0       0       0
  4821 ;;      Temps:          1       0       0       0       0
  4822 ;;      Totals:         1      13       0       0       0
  4823 ;;Total ram usage:       14 bytes
  4824 ;; Hardware stack levels used: 1
  4825 ;; Hardware stack levels required when called: 1
  4826 ;; This function calls:
  4827 ;;		Nothing
  4828 ;; This function is called by:
  4829 ;;		_ler_umidade
  4830 ;;		_ler_ph
  4831 ;; This function uses a non-reentrant model
  4832 ;;
  4833                           
  4834     070E                     ___lldiv:	
  4835                           ;psect for function ___lldiv
  4836                           
  4837     070E                     l2351:	
  4838                           ;incstack = 0
  4839                           ; Regs used in ___lldiv: [wreg+status,2+status,0]
  4840                           
  4841     070E  3000               	movlw	0
  4842     070F  1283               	bcf	3,5	;RP0=0, select bank0
  4843     0710  1303               	bcf	3,6	;RP1=0, select bank0
  4844     0711  00B3               	movwf	___lldiv@quotient+3
  4845     0712  3000               	movlw	0
  4846     0713  00B2               	movwf	___lldiv@quotient+2
  4847     0714  3000               	movlw	0
  4848     0715  00B1               	movwf	___lldiv@quotient+1
  4849     0716  3000               	movlw	0
  4850     0717  00B0               	movwf	___lldiv@quotient
  4851     0718  082B               	movf	___lldiv@divisor+3,w
  4852     0719  042A               	iorwf	___lldiv@divisor+2,w
  4853     071A  0429               	iorwf	___lldiv@divisor+1,w
  4854     071B  0428               	iorwf	___lldiv@divisor,w
  4855     071C  1903               	skipnz
  4856     071D  2F1F               	goto	u2281
  4857     071E  2F20               	goto	u2280
  4858     071F                     u2281:
  4859     071F  2F6B               	goto	l2371
  4860     0720                     u2280:
  4861     0720                     l2353:
  4862     0720  3001               	movlw	1
  4863     0721  00B4               	movwf	___lldiv@counter
  4864     0722  2F2E               	goto	l2357
  4865     0723                     l2355:
  4866     0723  3001               	movlw	1
  4867     0724  00F8               	movwf	??___lldiv
  4868     0725                     u2295:
  4869     0725  1003               	clrc
  4870     0726  0DA8               	rlf	___lldiv@divisor,f
  4871     0727  0DA9               	rlf	___lldiv@divisor+1,f
  4872     0728  0DAA               	rlf	___lldiv@divisor+2,f
  4873     0729  0DAB               	rlf	___lldiv@divisor+3,f
  4874     072A  0BF8               	decfsz	??___lldiv,f
  4875     072B  2F25               	goto	u2295
  4876     072C  3001               	movlw	1
  4877     072D  07B4               	addwf	___lldiv@counter,f
  4878     072E                     l2357:
  4879     072E  1FAB               	btfss	___lldiv@divisor+3,7
  4880     072F  2F31               	goto	u2301
  4881     0730  2F32               	goto	u2300
  4882     0731                     u2301:
  4883     0731  2F23               	goto	l2355
  4884     0732                     u2300:
  4885     0732                     l2359:
  4886     0732  3001               	movlw	1
  4887     0733  00F8               	movwf	??___lldiv
  4888     0734                     u2315:
  4889     0734  1003               	clrc
  4890     0735  0DB0               	rlf	___lldiv@quotient,f
  4891     0736  0DB1               	rlf	___lldiv@quotient+1,f
  4892     0737  0DB2               	rlf	___lldiv@quotient+2,f
  4893     0738  0DB3               	rlf	___lldiv@quotient+3,f
  4894     0739  0BF8               	decfsz	??___lldiv,f
  4895     073A  2F34               	goto	u2315
  4896     073B                     l2361:
  4897     073B  082B               	movf	___lldiv@divisor+3,w
  4898     073C  022F               	subwf	___lldiv@dividend+3,w
  4899     073D  1D03               	skipz
  4900     073E  2F49               	goto	u2325
  4901     073F  082A               	movf	___lldiv@divisor+2,w
  4902     0740  022E               	subwf	___lldiv@dividend+2,w
  4903     0741  1D03               	skipz
  4904     0742  2F49               	goto	u2325
  4905     0743  0829               	movf	___lldiv@divisor+1,w
  4906     0744  022D               	subwf	___lldiv@dividend+1,w
  4907     0745  1D03               	skipz
  4908     0746  2F49               	goto	u2325
  4909     0747  0828               	movf	___lldiv@divisor,w
  4910     0748  022C               	subwf	___lldiv@dividend,w
  4911     0749                     u2325:
  4912     0749  1C03               	skipc
  4913     074A  2F4C               	goto	u2321
  4914     074B  2F4D               	goto	u2320
  4915     074C                     u2321:
  4916     074C  2F5C               	goto	l2367
  4917     074D                     u2320:
  4918     074D                     l2363:
  4919     074D  0828               	movf	___lldiv@divisor,w
  4920     074E  02AC               	subwf	___lldiv@dividend,f
  4921     074F  0829               	movf	___lldiv@divisor+1,w
  4922     0750  1C03               	skipc
  4923     0751  0F29               	incfsz	___lldiv@divisor+1,w
  4924     0752  02AD               	subwf	___lldiv@dividend+1,f
  4925     0753  082A               	movf	___lldiv@divisor+2,w
  4926     0754  1C03               	skipc
  4927     0755  0F2A               	incfsz	___lldiv@divisor+2,w
  4928     0756  02AE               	subwf	___lldiv@dividend+2,f
  4929     0757  082B               	movf	___lldiv@divisor+3,w
  4930     0758  1C03               	skipc
  4931     0759  0F2B               	incfsz	___lldiv@divisor+3,w
  4932     075A  02AF               	subwf	___lldiv@dividend+3,f
  4933     075B                     l2365:
  4934     075B  1430               	bsf	___lldiv@quotient,0
  4935     075C                     l2367:
  4936     075C  3001               	movlw	1
  4937     075D                     u2335:
  4938     075D  1003               	clrc
  4939     075E  0CAB               	rrf	___lldiv@divisor+3,f
  4940     075F  0CAA               	rrf	___lldiv@divisor+2,f
  4941     0760  0CA9               	rrf	___lldiv@divisor+1,f
  4942     0761  0CA8               	rrf	___lldiv@divisor,f
  4943     0762  3EFF               	addlw	-1
  4944     0763  1D03               	skipz
  4945     0764  2F5D               	goto	u2335
  4946     0765                     l2369:
  4947     0765  3001               	movlw	1
  4948     0766  02B4               	subwf	___lldiv@counter,f
  4949     0767  1D03               	btfss	3,2
  4950     0768  2F6A               	goto	u2341
  4951     0769  2F6B               	goto	u2340
  4952     076A                     u2341:
  4953     076A  2F32               	goto	l2359
  4954     076B                     u2340:
  4955     076B                     l2371:
  4956     076B  0833               	movf	___lldiv@quotient+3,w
  4957     076C  00AB               	movwf	?___lldiv+3
  4958     076D  0832               	movf	___lldiv@quotient+2,w
  4959     076E  00AA               	movwf	?___lldiv+2
  4960     076F  0831               	movf	___lldiv@quotient+1,w
  4961     0770  00A9               	movwf	?___lldiv+1
  4962     0771  0830               	movf	___lldiv@quotient,w
  4963     0772  00A8               	movwf	?___lldiv
  4964     0773                     l311:
  4965     0773  0008               	return
  4966     0774                     __end_of___lldiv:
  4967                           
  4968                           	psect	text24
  4969     0E44                     __ptext24:	
  4970 ;; *************** function _Lcd_Write_String *****************
  4971 ;; Defined at:
  4972 ;;		line 96 in file "./lcd.h"
  4973 ;; Parameters:    Size  Location     Type
  4974 ;;  a               2    0[BANK0 ] PTR unsigned char 
  4975 ;;		 -> STR_12(17), STR_11(16), STR_10(19), STR_9(17), 
  4976 ;;		 -> STR_8(17), STR_7(13), displayPH@buffer(16), STR_5(16), 
  4977 ;;		 -> displayI@buffer(16), EmEspera@buffer(16), 
  4978 ;; Auto vars:     Size  Location     Type
  4979 ;;  i               2    5[BANK0 ] int 
  4980 ;; Return value:  Size  Location     Type
  4981 ;;                  1    wreg      void 
  4982 ;; Registers used:
  4983 ;;		wreg, fsr0l, fsr0h, status,2, status,0, pclath, btemp1, cstack
  4984 ;; Tracked objects:
  4985 ;;		On entry : 0/0
  4986 ;;		On exit  : 0/0
  4987 ;;		Unchanged: 0/0
  4988 ;; Data sizes:     COMMON   BANK0   BANK1   BANK3   BANK2
  4989 ;;      Params:         0       2       0       0       0
  4990 ;;      Locals:         0       2       0       0       0
  4991 ;;      Temps:          0       3       0       0       0
  4992 ;;      Totals:         0       7       0       0       0
  4993 ;;Total ram usage:        7 bytes
  4994 ;; Hardware stack levels used: 1
  4995 ;; Hardware stack levels required when called: 1
  4996 ;; This function calls:
  4997 ;;		_Lcd_Write_Char
  4998 ;; This function is called by:
  4999 ;;		_EmEspera
  5000 ;;		_displayI
  5001 ;;		_displayPH
  5002 ;;		_main
  5003 ;; This function uses a non-reentrant model
  5004 ;;
  5005                           
  5006     0E44                     _Lcd_Write_String:	
  5007                           ;psect for function _Lcd_Write_String
  5008                           
  5009     0E44                     l2419:	
  5010                           ;incstack = 0
  5011                           ; Regs used in _Lcd_Write_String: [wreg-fsr0h+status,2+status,0+pclath+btemp1+cstack]
  5012                           
  5013                           
  5014                           ;./lcd.h: 96: void Lcd_Write_String(char *a);./lcd.h: 97: {;./lcd.h: 98:  int i;;./lcd.h
      +                          : 99:  for(i=0;a[i]!='\0';i++)
  5015     0E44  1283               	bcf	3,5	;RP0=0, select bank0
  5016     0E45  1303               	bcf	3,6	;RP1=0, select bank0
  5017     0E46  01A5               	clrf	Lcd_Write_String@i
  5018     0E47  01A6               	clrf	Lcd_Write_String@i+1
  5019     0E48  2E6D               	goto	l2425
  5020     0E49                     l2421:
  5021                           
  5022                           ;./lcd.h: 100:     Lcd_Write_Char(a[i]);
  5023     0E49  0825               	movf	Lcd_Write_String@i,w
  5024     0E4A  0720               	addwf	Lcd_Write_String@a,w
  5025     0E4B  00A3               	movwf	??_Lcd_Write_String+1
  5026     0E4C  0821               	movf	Lcd_Write_String@a+1,w
  5027     0E4D  00A2               	movwf	??_Lcd_Write_String
  5028     0E4E  1803               	skipnc
  5029     0E4F  0AA2               	incf	??_Lcd_Write_String,f
  5030     0E50  1FA5               	btfss	Lcd_Write_String@i,7
  5031     0E51  2E53               	goto	u2400
  5032     0E52  03A2               	decf	??_Lcd_Write_String,f
  5033     0E53                     u2400:
  5034     0E53  1283               	bcf	3,5	;RP0=0, select bank0
  5035     0E54  1303               	bcf	3,6	;RP1=0, select bank0
  5036     0E55  0822               	movf	??_Lcd_Write_String,w
  5037     0E56  00A4               	movwf	??_Lcd_Write_String+2
  5038     0E57  0824               	movf	??_Lcd_Write_String+2,w
  5039     0E58  00FF               	movwf	btemp1
  5040     0E59  0823               	movf	??_Lcd_Write_String+1,w
  5041     0E5A  0084               	movwf	4
  5042     0E5B  120A  118A  2300  120A  158A  	fcall	stringtab
  5043     0E60  120A  158A  2522  120A  158A  	fcall	_Lcd_Write_Char
  5044     0E65                     l2423:
  5045     0E65  3001               	movlw	1
  5046     0E66  1283               	bcf	3,5	;RP0=0, select bank0
  5047     0E67  1303               	bcf	3,6	;RP1=0, select bank0
  5048     0E68  07A5               	addwf	Lcd_Write_String@i,f
  5049     0E69  1803               	skipnc
  5050     0E6A  0AA6               	incf	Lcd_Write_String@i+1,f
  5051     0E6B  3000               	movlw	0
  5052     0E6C  07A6               	addwf	Lcd_Write_String@i+1,f
  5053     0E6D                     l2425:
  5054     0E6D  0825               	movf	Lcd_Write_String@i,w
  5055     0E6E  0720               	addwf	Lcd_Write_String@a,w
  5056     0E6F  00A3               	movwf	??_Lcd_Write_String+1
  5057     0E70  0821               	movf	Lcd_Write_String@a+1,w
  5058     0E71  00A2               	movwf	??_Lcd_Write_String
  5059     0E72  1803               	skipnc
  5060     0E73  0AA2               	incf	??_Lcd_Write_String,f
  5061     0E74  1FA5               	btfss	Lcd_Write_String@i,7
  5062     0E75  2E77               	goto	u2410
  5063     0E76  03A2               	decf	??_Lcd_Write_String,f
  5064     0E77                     u2410:
  5065     0E77  1283               	bcf	3,5	;RP0=0, select bank0
  5066     0E78  1303               	bcf	3,6	;RP1=0, select bank0
  5067     0E79  0822               	movf	??_Lcd_Write_String,w
  5068     0E7A  00A4               	movwf	??_Lcd_Write_String+2
  5069     0E7B  0824               	movf	??_Lcd_Write_String+2,w
  5070     0E7C  00FF               	movwf	btemp1
  5071     0E7D  0823               	movf	??_Lcd_Write_String+1,w
  5072     0E7E  0084               	movwf	4
  5073     0E7F  120A  118A  2300  120A  158A  	fcall	stringtab
  5074     0E84  3A00               	xorlw	0
  5075     0E85  1D03               	skipz
  5076     0E86  2E88               	goto	u2421
  5077     0E87  2E89               	goto	u2420
  5078     0E88                     u2421:
  5079     0E88  2E49               	goto	l2421
  5080     0E89                     u2420:
  5081     0E89                     l91:
  5082     0E89  0008               	return
  5083     0E8A                     __end_of_Lcd_Write_String:
  5084                           
  5085                           	psect	text25
  5086     0D22                     __ptext25:	
  5087 ;; *************** function _Lcd_Write_Char *****************
  5088 ;; Defined at:
  5089 ;;		line 80 in file "./lcd.h"
  5090 ;; Parameters:    Size  Location     Type
  5091 ;;  a               1    wreg     unsigned char 
  5092 ;; Auto vars:     Size  Location     Type
  5093 ;;  a               1    7[COMMON] unsigned char 
  5094 ;;  y               1    6[COMMON] unsigned char 
  5095 ;;  temp            1    5[COMMON] unsigned char 
  5096 ;; Return value:  Size  Location     Type
  5097 ;;                  1    wreg      void 
  5098 ;; Registers used:
  5099 ;;		wreg, status,2, status,0, pclath, cstack
  5100 ;; Tracked objects:
  5101 ;;		On entry : 0/0
  5102 ;;		On exit  : 0/0
  5103 ;;		Unchanged: 0/0
  5104 ;; Data sizes:     COMMON   BANK0   BANK1   BANK3   BANK2
  5105 ;;      Params:         0       0       0       0       0
  5106 ;;      Locals:         3       0       0       0       0
  5107 ;;      Temps:          1       0       0       0       0
  5108 ;;      Totals:         4       0       0       0       0
  5109 ;;Total ram usage:        4 bytes
  5110 ;; Hardware stack levels used: 1
  5111 ;; Hardware stack levels required when called: 2
  5112 ;; This function calls:
  5113 ;;		_Lcd_Port
  5114 ;; This function is called by:
  5115 ;;		_Lcd_Write_String
  5116 ;; This function uses a non-reentrant model
  5117 ;;
  5118                           
  5119     0D22                     _Lcd_Write_Char:	
  5120                           ;psect for function _Lcd_Write_Char
  5121                           
  5122                           
  5123                           ;incstack = 0
  5124                           ; Regs used in _Lcd_Write_Char: [wreg+status,2+status,0+pclath+cstack]
  5125                           ;Lcd_Write_Char@a stored from wreg
  5126     0D22  00F7               	movwf	Lcd_Write_Char@a
  5127     0D23                     l2313:
  5128                           
  5129                           ;./lcd.h: 80: void Lcd_Write_Char(char a);./lcd.h: 81: {;./lcd.h: 82:    char temp,y;;./
      +                          lcd.h: 83:    temp = a&0x0F;
  5130     0D23  0877               	movf	Lcd_Write_Char@a,w
  5131     0D24  00F5               	movwf	Lcd_Write_Char@temp
  5132     0D25                     l2315:
  5133     0D25  300F               	movlw	15
  5134     0D26  05F5               	andwf	Lcd_Write_Char@temp,f
  5135     0D27                     l2317:
  5136                           
  5137                           ;./lcd.h: 84:    y = a&0xF0;
  5138     0D27  0877               	movf	Lcd_Write_Char@a,w
  5139     0D28  00F6               	movwf	Lcd_Write_Char@y
  5140     0D29  30F0               	movlw	240
  5141     0D2A  05F6               	andwf	Lcd_Write_Char@y,f
  5142     0D2B                     l2319:
  5143                           
  5144                           ;./lcd.h: 85:    RD2 = 1;
  5145     0D2B  1283               	bcf	3,5	;RP0=0, select bank0
  5146     0D2C  1303               	bcf	3,6	;RP1=0, select bank0
  5147     0D2D  1508               	bsf	8,2	;volatile
  5148     0D2E                     l2321:
  5149                           
  5150                           ;./lcd.h: 86:    Lcd_Port(y>>4);
  5151     0D2E  0876               	movf	Lcd_Write_Char@y,w
  5152     0D2F  00F4               	movwf	??_Lcd_Write_Char
  5153     0D30  3004               	movlw	4
  5154     0D31                     u2225:
  5155     0D31  1003               	clrc
  5156     0D32  0CF4               	rrf	??_Lcd_Write_Char,f
  5157     0D33  3EFF               	addlw	-1
  5158     0D34  1D03               	skipz
  5159     0D35  2D31               	goto	u2225
  5160     0D36  0874               	movf	??_Lcd_Write_Char,w
  5161     0D37  120A  158A  2495  120A  158A  	fcall	_Lcd_Port
  5162     0D3C                     l2323:
  5163                           
  5164                           ;./lcd.h: 87:    RD3 = 1;
  5165     0D3C  1283               	bcf	3,5	;RP0=0, select bank0
  5166     0D3D  1303               	bcf	3,6	;RP1=0, select bank0
  5167     0D3E  1588               	bsf	8,3	;volatile
  5168     0D3F                     l2325:
  5169                           
  5170                           ;./lcd.h: 88:    _delay((unsigned long)((40)*(4000000/4000000.0)));
  5171     0D3F  300D               	movlw	13
  5172     0D40  00F4               	movwf	??_Lcd_Write_Char
  5173     0D41                     u2737:
  5174     0D41  0BF4               	decfsz	??_Lcd_Write_Char,f
  5175     0D42  2D41               	goto	u2737
  5176     0D43                     l2327:
  5177                           
  5178                           ;./lcd.h: 89:    RD3 = 0;
  5179     0D43  1283               	bcf	3,5	;RP0=0, select bank0
  5180     0D44  1303               	bcf	3,6	;RP1=0, select bank0
  5181     0D45  1188               	bcf	8,3	;volatile
  5182     0D46                     l2329:
  5183                           
  5184                           ;./lcd.h: 90:    Lcd_Port(temp);
  5185     0D46  0875               	movf	Lcd_Write_Char@temp,w
  5186     0D47  120A  158A  2495  120A  158A  	fcall	_Lcd_Port
  5187     0D4C                     l2331:
  5188                           
  5189                           ;./lcd.h: 91:    RD3 = 1;
  5190     0D4C  1283               	bcf	3,5	;RP0=0, select bank0
  5191     0D4D  1303               	bcf	3,6	;RP1=0, select bank0
  5192     0D4E  1588               	bsf	8,3	;volatile
  5193     0D4F                     l2333:
  5194                           
  5195                           ;./lcd.h: 92:    _delay((unsigned long)((40)*(4000000/4000000.0)));
  5196     0D4F  300D               	movlw	13
  5197     0D50  00F4               	movwf	??_Lcd_Write_Char
  5198     0D51                     u2747:
  5199     0D51  0BF4               	decfsz	??_Lcd_Write_Char,f
  5200     0D52  2D51               	goto	u2747
  5201     0D53                     l2335:
  5202                           
  5203                           ;./lcd.h: 93:    RD3 = 0;
  5204     0D53  1283               	bcf	3,5	;RP0=0, select bank0
  5205     0D54  1303               	bcf	3,6	;RP1=0, select bank0
  5206     0D55  1188               	bcf	8,3	;volatile
  5207     0D56                     l85:
  5208     0D56  0008               	return
  5209     0D57                     __end_of_Lcd_Write_Char:
  5210                           
  5211                           	psect	text26
  5212     0FB2                     __ptext26:	
  5213 ;; *************** function _Lcd_Set_Cursor *****************
  5214 ;; Defined at:
  5215 ;;		line 40 in file "./lcd.h"
  5216 ;; Parameters:    Size  Location     Type
  5217 ;;  a               1    wreg     unsigned char 
  5218 ;;  b               1    7[COMMON] unsigned char 
  5219 ;; Auto vars:     Size  Location     Type
  5220 ;;  a               1    0[BANK0 ] unsigned char 
  5221 ;;  temp            1    3[BANK0 ] unsigned char 
  5222 ;;  y               1    2[BANK0 ] unsigned char 
  5223 ;;  z               1    1[BANK0 ] unsigned char 
  5224 ;; Return value:  Size  Location     Type
  5225 ;;                  1    wreg      void 
  5226 ;; Registers used:
  5227 ;;		wreg, status,2, status,0, pclath, cstack
  5228 ;; Tracked objects:
  5229 ;;		On entry : 0/0
  5230 ;;		On exit  : 0/0
  5231 ;;		Unchanged: 0/0
  5232 ;; Data sizes:     COMMON   BANK0   BANK1   BANK3   BANK2
  5233 ;;      Params:         1       0       0       0       0
  5234 ;;      Locals:         0       4       0       0       0
  5235 ;;      Temps:          1       0       0       0       0
  5236 ;;      Totals:         2       4       0       0       0
  5237 ;;Total ram usage:        6 bytes
  5238 ;; Hardware stack levels used: 1
  5239 ;; Hardware stack levels required when called: 1
  5240 ;; This function calls:
  5241 ;;		_Lcd_Cmd
  5242 ;; This function is called by:
  5243 ;;		_EmEspera
  5244 ;;		_displayI
  5245 ;;		_displayPH
  5246 ;;		_main
  5247 ;; This function uses a non-reentrant model
  5248 ;;
  5249                           
  5250     0FB2                     _Lcd_Set_Cursor:	
  5251                           ;psect for function _Lcd_Set_Cursor
  5252                           
  5253                           
  5254                           ;incstack = 0
  5255                           ; Regs used in _Lcd_Set_Cursor: [wreg+status,2+status,0+pclath+cstack]
  5256                           ;Lcd_Set_Cursor@a stored from wreg
  5257     0FB2  1283               	bcf	3,5	;RP0=0, select bank0
  5258     0FB3  1303               	bcf	3,6	;RP1=0, select bank0
  5259     0FB4  00A0               	movwf	Lcd_Set_Cursor@a
  5260     0FB5                     l2385:
  5261                           
  5262                           ;./lcd.h: 40: void Lcd_Set_Cursor(char a, char b);./lcd.h: 41: {;./lcd.h: 42:  char temp
      +                          ,z,y;;./lcd.h: 43:  if(a == 1)
  5263     0FB5  0320               	decf	Lcd_Set_Cursor@a,w
  5264     0FB6  1D03               	btfss	3,2
  5265     0FB7  2FB9               	goto	u2361
  5266     0FB8  2FBA               	goto	u2360
  5267     0FB9                     u2361:
  5268     0FB9  2FDA               	goto	l2397
  5269     0FBA                     u2360:
  5270     0FBA                     l2387:
  5271                           
  5272                           ;./lcd.h: 44:  {;./lcd.h: 45:    temp = 0x80 + b - 1;
  5273     0FBA  0877               	movf	Lcd_Set_Cursor@b,w
  5274     0FBB  3E7F               	addlw	127
  5275     0FBC  00A3               	movwf	Lcd_Set_Cursor@temp
  5276                           
  5277                           ;./lcd.h: 46:   z = temp>>4;
  5278     0FBD  0823               	movf	Lcd_Set_Cursor@temp,w
  5279     0FBE  00F8               	movwf	??_Lcd_Set_Cursor
  5280     0FBF  3004               	movlw	4
  5281     0FC0                     u2375:
  5282     0FC0  1003               	clrc
  5283     0FC1  0CF8               	rrf	??_Lcd_Set_Cursor,f
  5284     0FC2  3EFF               	addlw	-1
  5285     0FC3  1D03               	skipz
  5286     0FC4  2FC0               	goto	u2375
  5287     0FC5  0878               	movf	??_Lcd_Set_Cursor,w
  5288     0FC6  00A1               	movwf	Lcd_Set_Cursor@z
  5289     0FC7                     l2389:
  5290                           
  5291                           ;./lcd.h: 47:   y = temp & 0x0F;
  5292     0FC7  0823               	movf	Lcd_Set_Cursor@temp,w
  5293     0FC8  00A2               	movwf	Lcd_Set_Cursor@y
  5294     0FC9                     l2391:
  5295     0FC9  300F               	movlw	15
  5296     0FCA  05A2               	andwf	Lcd_Set_Cursor@y,f
  5297     0FCB                     l2393:
  5298                           
  5299                           ;./lcd.h: 48:   Lcd_Cmd(z);
  5300     0FCB  0821               	movf	Lcd_Set_Cursor@z,w
  5301     0FCC  120A  158A  245C  120A  158A  	fcall	_Lcd_Cmd
  5302     0FD1                     l2395:
  5303                           
  5304                           ;./lcd.h: 49:   Lcd_Cmd(y);
  5305     0FD1  1283               	bcf	3,5	;RP0=0, select bank0
  5306     0FD2  1303               	bcf	3,6	;RP1=0, select bank0
  5307     0FD3  0822               	movf	Lcd_Set_Cursor@y,w
  5308     0FD4  120A  158A  245C  120A  158A  	fcall	_Lcd_Cmd
  5309                           
  5310                           ;./lcd.h: 50:  }
  5311     0FD9  2FFF               	goto	l79
  5312     0FDA                     l2397:
  5313     0FDA  3002               	movlw	2
  5314     0FDB  0620               	xorwf	Lcd_Set_Cursor@a,w
  5315     0FDC  1D03               	btfss	3,2
  5316     0FDD  2FDF               	goto	u2381
  5317     0FDE  2FE0               	goto	u2380
  5318     0FDF                     u2381:
  5319     0FDF  2FFF               	goto	l79
  5320     0FE0                     u2380:
  5321     0FE0                     l2399:
  5322                           
  5323                           ;./lcd.h: 52:  {;./lcd.h: 53:   temp = 0xC0 + b - 1;
  5324     0FE0  0877               	movf	Lcd_Set_Cursor@b,w
  5325     0FE1  3EBF               	addlw	191
  5326     0FE2  00A3               	movwf	Lcd_Set_Cursor@temp
  5327                           
  5328                           ;./lcd.h: 54:   z = temp>>4;
  5329     0FE3  0823               	movf	Lcd_Set_Cursor@temp,w
  5330     0FE4  00F8               	movwf	??_Lcd_Set_Cursor
  5331     0FE5  3004               	movlw	4
  5332     0FE6                     u2395:
  5333     0FE6  1003               	clrc
  5334     0FE7  0CF8               	rrf	??_Lcd_Set_Cursor,f
  5335     0FE8  3EFF               	addlw	-1
  5336     0FE9  1D03               	skipz
  5337     0FEA  2FE6               	goto	u2395
  5338     0FEB  0878               	movf	??_Lcd_Set_Cursor,w
  5339     0FEC  00A1               	movwf	Lcd_Set_Cursor@z
  5340     0FED                     l2401:
  5341                           
  5342                           ;./lcd.h: 55:   y = temp & 0x0F;
  5343     0FED  0823               	movf	Lcd_Set_Cursor@temp,w
  5344     0FEE  00A2               	movwf	Lcd_Set_Cursor@y
  5345     0FEF                     l2403:
  5346     0FEF  300F               	movlw	15
  5347     0FF0  05A2               	andwf	Lcd_Set_Cursor@y,f
  5348     0FF1                     l2405:
  5349                           
  5350                           ;./lcd.h: 56:   Lcd_Cmd(z);
  5351     0FF1  0821               	movf	Lcd_Set_Cursor@z,w
  5352     0FF2  120A  158A  245C  120A  158A  	fcall	_Lcd_Cmd
  5353     0FF7                     l2407:
  5354                           
  5355                           ;./lcd.h: 57:   Lcd_Cmd(y);
  5356     0FF7  1283               	bcf	3,5	;RP0=0, select bank0
  5357     0FF8  1303               	bcf	3,6	;RP1=0, select bank0
  5358     0FF9  0822               	movf	Lcd_Set_Cursor@y,w
  5359     0FFA  120A  158A  245C  120A  158A  	fcall	_Lcd_Cmd
  5360     0FFF                     l79:
  5361     0FFF  0008               	return
  5362     1000                     __end_of_Lcd_Set_Cursor:
  5363                           
  5364                           	psect	text27
  5365     0C5C                     __ptext27:	
  5366 ;; *************** function _Lcd_Cmd *****************
  5367 ;; Defined at:
  5368 ;;		line 25 in file "./lcd.h"
  5369 ;; Parameters:    Size  Location     Type
  5370 ;;  a               1    wreg     unsigned char 
  5371 ;; Auto vars:     Size  Location     Type
  5372 ;;  a               1    6[COMMON] unsigned char 
  5373 ;; Return value:  Size  Location     Type
  5374 ;;                  1    wreg      void 
  5375 ;; Registers used:
  5376 ;;		wreg, status,2, status,0, pclath, cstack
  5377 ;; Tracked objects:
  5378 ;;		On entry : 0/0
  5379 ;;		On exit  : 0/0
  5380 ;;		Unchanged: 0/0
  5381 ;; Data sizes:     COMMON   BANK0   BANK1   BANK3   BANK2
  5382 ;;      Params:         0       0       0       0       0
  5383 ;;      Locals:         1       0       0       0       0
  5384 ;;      Temps:          2       0       0       0       0
  5385 ;;      Totals:         3       0       0       0       0
  5386 ;;Total ram usage:        3 bytes
  5387 ;; Hardware stack levels used: 1
  5388 ;; Hardware stack levels required when called: 1
  5389 ;; This function calls:
  5390 ;;		_Lcd_Port
  5391 ;; This function is called by:
  5392 ;;		_Lcd_Clear
  5393 ;;		_Lcd_Set_Cursor
  5394 ;;		_Lcd_Init
  5395 ;;		_Lcd_Shift_Right
  5396 ;;		_Lcd_Shift_Left
  5397 ;; This function uses a non-reentrant model
  5398 ;;
  5399                           
  5400     0C5C                     _Lcd_Cmd:	
  5401                           ;psect for function _Lcd_Cmd
  5402                           
  5403                           
  5404                           ;incstack = 0
  5405                           ; Regs used in _Lcd_Cmd: [wreg+status,2+status,0+pclath+cstack]
  5406                           ;Lcd_Cmd@a stored from wreg
  5407     0C5C  00F6               	movwf	Lcd_Cmd@a
  5408     0C5D                     l2303:
  5409                           
  5410                           ;./lcd.h: 25: void Lcd_Cmd(char a);./lcd.h: 26: {;./lcd.h: 27:  RD2 = 0;
  5411     0C5D  1283               	bcf	3,5	;RP0=0, select bank0
  5412     0C5E  1303               	bcf	3,6	;RP1=0, select bank0
  5413     0C5F  1108               	bcf	8,2	;volatile
  5414     0C60                     l2305:
  5415                           
  5416                           ;./lcd.h: 28:  Lcd_Port(a);
  5417     0C60  0876               	movf	Lcd_Cmd@a,w
  5418     0C61  120A  158A  2495  120A  158A  	fcall	_Lcd_Port
  5419     0C66                     l2307:
  5420                           
  5421                           ;./lcd.h: 29:  RD3 = 1;
  5422     0C66  1283               	bcf	3,5	;RP0=0, select bank0
  5423     0C67  1303               	bcf	3,6	;RP1=0, select bank0
  5424     0C68  1588               	bsf	8,3	;volatile
  5425     0C69                     l2309:
  5426                           
  5427                           ;./lcd.h: 30:         _delay((unsigned long)((4)*(4000000/4000.0)));
  5428     0C69  3006               	movlw	6
  5429     0C6A  00F5               	movwf	??_Lcd_Cmd+1
  5430     0C6B  3030               	movlw	48
  5431     0C6C  00F4               	movwf	??_Lcd_Cmd
  5432     0C6D                     u2757:
  5433     0C6D  0BF4               	decfsz	??_Lcd_Cmd,f
  5434     0C6E  2C6D               	goto	u2757
  5435     0C6F  0BF5               	decfsz	??_Lcd_Cmd+1,f
  5436     0C70  2C6D               	goto	u2757
  5437     0C71  0000               	nop
  5438     0C72                     l2311:
  5439                           
  5440                           ;./lcd.h: 31:         RD3 = 0;
  5441     0C72  1283               	bcf	3,5	;RP0=0, select bank0
  5442     0C73  1303               	bcf	3,6	;RP1=0, select bank0
  5443     0C74  1188               	bcf	8,3	;volatile
  5444     0C75                     l70:
  5445     0C75  0008               	return
  5446     0C76                     __end_of_Lcd_Cmd:
  5447                           
  5448                           	psect	text28
  5449     0C95                     __ptext28:	
  5450 ;; *************** function _Lcd_Port *****************
  5451 ;; Defined at:
  5452 ;;		line 3 in file "./lcd.h"
  5453 ;; Parameters:    Size  Location     Type
  5454 ;;  a               1    wreg     unsigned char 
  5455 ;; Auto vars:     Size  Location     Type
  5456 ;;  a               1    3[COMMON] unsigned char 
  5457 ;; Return value:  Size  Location     Type
  5458 ;;                  1    wreg      void 
  5459 ;; Registers used:
  5460 ;;		wreg
  5461 ;; Tracked objects:
  5462 ;;		On entry : 0/0
  5463 ;;		On exit  : 0/0
  5464 ;;		Unchanged: 0/0
  5465 ;; Data sizes:     COMMON   BANK0   BANK1   BANK3   BANK2
  5466 ;;      Params:         0       0       0       0       0
  5467 ;;      Locals:         1       0       0       0       0
  5468 ;;      Temps:          0       0       0       0       0
  5469 ;;      Totals:         1       0       0       0       0
  5470 ;;Total ram usage:        1 bytes
  5471 ;; Hardware stack levels used: 1
  5472 ;; Hardware stack levels required when called: 1
  5473 ;; This function calls:
  5474 ;;		Nothing
  5475 ;; This function is called by:
  5476 ;;		_Lcd_Cmd
  5477 ;;		_Lcd_Init
  5478 ;;		_Lcd_Write_Char
  5479 ;; This function uses a non-reentrant model
  5480 ;;
  5481                           
  5482     0C95                     _Lcd_Port:	
  5483                           ;psect for function _Lcd_Port
  5484                           
  5485                           
  5486                           ;incstack = 0
  5487                           ; Regs used in _Lcd_Port: [wreg]
  5488                           ;Lcd_Port@a stored from wreg
  5489     0C95  00F3               	movwf	Lcd_Port@a
  5490     0C96                     l2233:
  5491                           
  5492                           ;./lcd.h: 3: void Lcd_Port(char a);./lcd.h: 4: {;./lcd.h: 5:  if(a & 1)
  5493     0C96  1C73               	btfss	Lcd_Port@a,0
  5494     0C97  2C99               	goto	u2131
  5495     0C98  2C9A               	goto	u2130
  5496     0C99                     u2131:
  5497     0C99  2C9E               	goto	l59
  5498     0C9A                     u2130:
  5499     0C9A                     l2235:
  5500                           
  5501                           ;./lcd.h: 6:   RD4 = 1;
  5502     0C9A  1283               	bcf	3,5	;RP0=0, select bank0
  5503     0C9B  1303               	bcf	3,6	;RP1=0, select bank0
  5504     0C9C  1608               	bsf	8,4	;volatile
  5505     0C9D  2CA1               	goto	l60
  5506     0C9E                     l59:	
  5507                           ;./lcd.h: 7:  else
  5508                           
  5509                           
  5510                           ;./lcd.h: 8:   RD4 = 0;
  5511     0C9E  1283               	bcf	3,5	;RP0=0, select bank0
  5512     0C9F  1303               	bcf	3,6	;RP1=0, select bank0
  5513     0CA0  1208               	bcf	8,4	;volatile
  5514     0CA1                     l60:
  5515                           
  5516                           ;./lcd.h: 10:  if(a & 2)
  5517     0CA1  1CF3               	btfss	Lcd_Port@a,1
  5518     0CA2  2CA4               	goto	u2141
  5519     0CA3  2CA5               	goto	u2140
  5520     0CA4                     u2141:
  5521     0CA4  2CA7               	goto	l61
  5522     0CA5                     u2140:
  5523     0CA5                     l2237:
  5524                           
  5525                           ;./lcd.h: 11:   RD5 = 1;
  5526     0CA5  1688               	bsf	8,5	;volatile
  5527     0CA6  2CA8               	goto	l62
  5528     0CA7                     l61:	
  5529                           ;./lcd.h: 12:  else
  5530                           
  5531                           
  5532                           ;./lcd.h: 13:   RD5 = 0;
  5533     0CA7  1288               	bcf	8,5	;volatile
  5534     0CA8                     l62:
  5535                           
  5536                           ;./lcd.h: 15:  if(a & 4)
  5537     0CA8  1D73               	btfss	Lcd_Port@a,2
  5538     0CA9  2CAB               	goto	u2151
  5539     0CAA  2CAC               	goto	u2150
  5540     0CAB                     u2151:
  5541     0CAB  2CAE               	goto	l63
  5542     0CAC                     u2150:
  5543     0CAC                     l2239:
  5544                           
  5545                           ;./lcd.h: 16:   RD6 = 1;
  5546     0CAC  1708               	bsf	8,6	;volatile
  5547     0CAD  2CAF               	goto	l64
  5548     0CAE                     l63:	
  5549                           ;./lcd.h: 17:  else
  5550                           
  5551                           
  5552                           ;./lcd.h: 18:   RD6 = 0;
  5553     0CAE  1308               	bcf	8,6	;volatile
  5554     0CAF                     l64:
  5555                           
  5556                           ;./lcd.h: 20:  if(a & 8)
  5557     0CAF  1DF3               	btfss	Lcd_Port@a,3
  5558     0CB0  2CB2               	goto	u2161
  5559     0CB1  2CB3               	goto	u2160
  5560     0CB2                     u2161:
  5561     0CB2  2CB5               	goto	l65
  5562     0CB3                     u2160:
  5563     0CB3                     l2241:
  5564                           
  5565                           ;./lcd.h: 21:   RD7 = 1;
  5566     0CB3  1788               	bsf	8,7	;volatile
  5567     0CB4  2CB6               	goto	l67
  5568     0CB5                     l65:	
  5569                           ;./lcd.h: 22:  else
  5570                           
  5571                           
  5572                           ;./lcd.h: 23:   RD7 = 0;
  5573     0CB5  1388               	bcf	8,7	;volatile
  5574     0CB6                     l67:
  5575     0CB6  0008               	return
  5576     0CB7                     __end_of_Lcd_Port:
  5577                           
  5578                           	psect	text29
  5579     0DC5                     __ptext29:	
  5580 ;; *************** function _TrataInt *****************
  5581 ;; Defined at:
  5582 ;;		line 78 in file "main.c"
  5583 ;; Parameters:    Size  Location     Type
  5584 ;;		None
  5585 ;; Auto vars:     Size  Location     Type
  5586 ;;		None
  5587 ;; Return value:  Size  Location     Type
  5588 ;;                  1    wreg      void 
  5589 ;; Registers used:
  5590 ;;		wreg, status,2
  5591 ;; Tracked objects:
  5592 ;;		On entry : 0/0
  5593 ;;		On exit  : 0/0
  5594 ;;		Unchanged: 0/0
  5595 ;; Data sizes:     COMMON   BANK0   BANK1   BANK3   BANK2
  5596 ;;      Params:         0       0       0       0       0
  5597 ;;      Locals:         0       0       0       0       0
  5598 ;;      Temps:          3       0       0       0       0
  5599 ;;      Totals:         3       0       0       0       0
  5600 ;;Total ram usage:        3 bytes
  5601 ;; Hardware stack levels used: 1
  5602 ;; This function calls:
  5603 ;;		Nothing
  5604 ;; This function is called by:
  5605 ;;		Interrupt level 1
  5606 ;; This function uses a non-reentrant model
  5607 ;;
  5608                           
  5609     0DC5                     _TrataInt:	
  5610                           ;psect for function _TrataInt
  5611                           
  5612     0DC5                     i1l1959:
  5613                           
  5614                           ;main.c: 83:     if (INTCONbits.INTF)
  5615     0DC5  1C8B               	btfss	11,1	;volatile
  5616     0DC6  2DC8               	goto	u157_21
  5617     0DC7  2DC9               	goto	u157_20
  5618     0DC8                     u157_21:
  5619     0DC8  2DD0               	goto	i1l1965
  5620     0DC9                     u157_20:
  5621     0DC9                     i1l1961:
  5622                           
  5623                           ;main.c: 84:     {;main.c: 85:         INTCONbits.INTF = 0;
  5624     0DC9  108B               	bcf	11,1	;volatile
  5625     0DCA                     i1l1963:
  5626                           
  5627                           ;main.c: 88:         flagirrig = 1;
  5628     0DCA  3001               	movlw	1
  5629     0DCB  1283               	bcf	3,5	;RP0=0, select bank0
  5630     0DCC  1303               	bcf	3,6	;RP1=0, select bank0
  5631     0DCD  00EC               	movwf	_flagirrig	;volatile
  5632     0DCE  3000               	movlw	0
  5633     0DCF  00ED               	movwf	_flagirrig+1	;volatile
  5634     0DD0                     i1l1965:
  5635                           
  5636                           ;main.c: 93:     if (PIR1bits.TMR1IF)
  5637     0DD0  1283               	bcf	3,5	;RP0=0, select bank0
  5638     0DD1  1303               	bcf	3,6	;RP1=0, select bank0
  5639     0DD2  1C0C               	btfss	12,0	;volatile
  5640     0DD3  2DD5               	goto	u158_21
  5641     0DD4  2DD6               	goto	u158_20
  5642     0DD5                     u158_21:
  5643     0DD5  2DF9               	goto	i1l113
  5644     0DD6                     u158_20:
  5645     0DD6                     i1l1967:
  5646                           
  5647                           ;main.c: 94:     {;main.c: 95:         PIR1bits.TMR1IF = 0;
  5648     0DD6  100C               	bcf	12,0	;volatile
  5649                           
  5650                           ;main.c: 98:         TMR1L = 0xDC;
  5651     0DD7  30DC               	movlw	220
  5652     0DD8  008E               	movwf	14	;volatile
  5653                           
  5654                           ;main.c: 99:         TMR1H = 0x0B;
  5655     0DD9  300B               	movlw	11
  5656     0DDA  008F               	movwf	15	;volatile
  5657     0DDB                     i1l1969:
  5658                           
  5659                           ;main.c: 101:         conta++;
  5660     0DDB  3001               	movlw	1
  5661     0DDC  1683               	bsf	3,5	;RP0=1, select bank1
  5662     0DDD  1303               	bcf	3,6	;RP1=0, select bank1
  5663     0DDE  07A4               	addwf	_conta^(0+128),f	;volatile
  5664     0DDF  1803               	skipnc
  5665     0DE0  0AA5               	incf	(_conta+1)^(0+128),f	;volatile
  5666     0DE1  3000               	movlw	0
  5667     0DE2  07A5               	addwf	(_conta+1)^(0+128),f	;volatile
  5668                           
  5669                           ;main.c: 104:         if (conta >= tempo) {
  5670     0DE3  0825               	movf	(_conta+1)^(0+128),w	;volatile
  5671     0DE4  3A80               	xorlw	128
  5672     0DE5  00F0               	movwf	??_TrataInt
  5673     0DE6  0823               	movf	(_tempo+1)^(0+128),w	;volatile
  5674     0DE7  3A80               	xorlw	128
  5675     0DE8  0270               	subwf	??_TrataInt,w
  5676     0DE9  1D03               	skipz
  5677     0DEA  2DED               	goto	u159_25
  5678     0DEB  0822               	movf	_tempo^(0+128),w	;volatile
  5679     0DEC  0224               	subwf	_conta^(0+128),w	;volatile
  5680     0DED                     u159_25:
  5681     0DED  1C03               	skipc
  5682     0DEE  2DF0               	goto	u159_21
  5683     0DEF  2DF1               	goto	u159_20
  5684     0DF0                     u159_21:
  5685     0DF0  2DF9               	goto	i1l113
  5686     0DF1                     u159_20:
  5687     0DF1                     i1l1971:
  5688                           
  5689                           ;main.c: 105:             flagtimer = 1;
  5690     0DF1  3001               	movlw	1
  5691     0DF2  00F9               	movwf	_flagtimer	;volatile
  5692     0DF3  3000               	movlw	0
  5693     0DF4  00FA               	movwf	_flagtimer+1	;volatile
  5694     0DF5                     i1l1973:
  5695                           
  5696                           ;main.c: 106:             conta = 0;
  5697     0DF5  1683               	bsf	3,5	;RP0=1, select bank1
  5698     0DF6  1303               	bcf	3,6	;RP1=0, select bank1
  5699     0DF7  01A4               	clrf	_conta^(0+128)	;volatile
  5700     0DF8  01A5               	clrf	(_conta+1)^(0+128)	;volatile
  5701     0DF9                     i1l113:
  5702     0DF9  0872               	movf	??_TrataInt+2,w
  5703     0DFA  008A               	movwf	10
  5704     0DFB  0E71               	swapf	??_TrataInt+1,w
  5705     0DFC  0083               	movwf	3
  5706     0DFD  0EFE               	swapf	btemp,f
  5707     0DFE  0E7E               	swapf	btemp,w
  5708     0DFF  0009               	retfie
  5709     0E00                     __end_of_TrataInt:
  5710     0002                     ___latbits      equ	2
  5711     007E                     btemp           set	126	;btemp
  5712     007E                     btemp0          set	126
  5713     007F                     btemp1          set	127
  5714     007E                     wtemp0          set	126
  5715     007F                     wtemp0a         set	127
  5716     007F                     ttemp0a         set	127
  5717     0080                     ltemp0a         set	128
  5718                           
  5719                           	psect	intentry
  5720     0004                     __pintentry:	
  5721                           ;incstack = 0
  5722 ;; hardware stack exceeded
  5723                           ; Regs used in _TrataInt: [wreg+status,2]
  5724                           
  5725     0004                     interrupt_function:
  5726     007E                     saved_w         set	btemp
  5727     0004  00FE               	movwf	btemp
  5728     0005  0E03               	swapf	3,w
  5729     0006  00F1               	movwf	??_TrataInt+1
  5730     0007  080A               	movf	10,w
  5731     0008  00F2               	movwf	??_TrataInt+2
  5732     0009  120A  158A  2DC5   	ljmp	_TrataInt
  5733                           
  5734                           	psect	config
  5735                           
  5736                           ;Config register CONFIG @ 0x2007
  5737                           ;	Oscillator Selection bits
  5738                           ;	FOSC = XT, XT oscillator
  5739                           ;	Watchdog Timer Enable bit
  5740                           ;	WDTE = ON, WDT enabled
  5741                           ;	Power-up Timer Enable bit
  5742                           ;	PWRTE = ON, PWRT enabled
  5743                           ;	Brown-out Reset Enable bit
  5744                           ;	BOREN = ON, BOR enabled
  5745                           ;	Low-Voltage (Single-Supply) In-Circuit Serial Programming Enable bit
  5746                           ;	LVP = OFF, RB3 is digital I/O, HV on MCLR must be used for programming
  5747                           ;	Data EEPROM Memory Code Protection bit
  5748                           ;	CPD = OFF, Data EEPROM code protection off
  5749                           ;	Flash Program Memory Write Enable bits
  5750                           ;	WRT = OFF, Write protection off; all program memory may be written to by EECON control
  5751                           ;	In-Circuit Debugger Mode bit
  5752                           ;	DEBUG = 0x1, unprogrammed default
  5753                           ;	Flash Program Memory Code Protection bit
  5754                           ;	CP = OFF, Code protection off
  5755     2007                     	org	8199
  5756     2007  3F75               	dw	16245

Data Sizes:
    Strings     200
    Constant    8
    Data        0
    BSS         45
    Persistent  0
    Stack       0

Auto Spaces:
    Space          Size  Autos    Used
    COMMON           14      9      11
    BANK0            80     74      79
    BANK1            80     26      64
    BANK3            96      0       0
    BANK2            96      0       0

Pointer List with Targets:

    f$.$buffer	PTR unsigned char  size(2) Largest target is 16
		 -> displayI@buffer(BANK1[16]), displayPH@buffer(BANK1[16]), EmEspera@buffer(BANK1[16]), 

    f$.$source	PTR const unsigned char  size(1) Largest target is 0

    fputc@fp	PTR struct _IO_FILE size(2) Largest target is 11
		 -> sprintf@f(BANK0[11]), 

    fputc@fp$.$buffer	PTR unsigned char  size(2) Largest target is 16
		 -> displayI@buffer(BANK1[16]), displayPH@buffer(BANK1[16]), EmEspera@buffer(BANK1[16]), 

    fputc@fp$.$source	PTR const unsigned char  size(1) Largest target is 0

    fputs@fp	PTR struct _IO_FILE size(2) Largest target is 11
		 -> sprintf@f(BANK0[11]), 

    fputs@s	PTR const unsigned char  size(1) Largest target is 32
		 -> dbuf(BANK1[32]), 

    Lcd_Write_String@a	PTR unsigned char  size(2) Largest target is 19
		 -> displayI@buffer(BANK1[16]), displayPH@buffer(BANK1[16]), EmEspera@buffer(BANK1[16]), STR_10(CODE[19]), 
		 -> STR_11(CODE[16]), STR_12(CODE[17]), STR_5(CODE[16]), STR_7(CODE[13]), 
		 -> STR_8(CODE[17]), STR_9(CODE[17]), 

    pad@buf	PTR unsigned char  size(1) Largest target is 32
		 -> dbuf(BANK1[32]), 

    pad@fp	PTR struct _IO_FILE size(2) Largest target is 11
		 -> sprintf@f(BANK0[11]), 

    read_prec_or_width@ap	PTR PTR void [1] size(1) Largest target is 1
		 -> sprintf@ap(BANK0[1]), 

    read_prec_or_width@fmt	PTR PTR const unsigned char  size(1) Largest target is 1
		 -> vfprintf@cfmt(BANK0[1]), 

    S883$buffer	PTR unsigned char  size(2) Largest target is 16
		 -> displayI@buffer(BANK1[16]), displayPH@buffer(BANK1[16]), EmEspera@buffer(BANK1[16]), 

    S883$source	PTR const unsigned char  size(1) Largest target is 0

    sprintf@ap	PTR void [1] size(1) Largest target is 2
		 -> ?_sprintf(BANK0[2]), 

    sprintf@fmt	PTR const unsigned char  size(1) Largest target is 25
		 -> STR_1(CODE[20]), STR_2(CODE[25]), STR_3(CODE[12]), STR_4(CODE[15]), 
		 -> STR_6(CODE[13]), 

    sprintf@s	PTR unsigned char  size(1) Largest target is 16
		 -> displayI@buffer(BANK1[16]), displayPH@buffer(BANK1[16]), EmEspera@buffer(BANK1[16]), 

    utoa@fp	PTR struct _IO_FILE size(2) Largest target is 11
		 -> sprintf@f(BANK0[11]), 

    vfpfcnvrt@ap	PTR PTR void  size(1) Largest target is 1
		 -> sprintf@ap(BANK0[1]), 

    vfpfcnvrt@cp	PTR unsigned char  size(1) Largest target is 25
		 -> STR_1(CODE[20]), STR_2(CODE[25]), STR_3(CODE[12]), STR_4(CODE[15]), 
		 -> STR_6(CODE[13]), 

    vfpfcnvrt@fmt	PTR PTR unsigned char  size(1) Largest target is 1
		 -> vfprintf@cfmt(BANK0[1]), 

    vfpfcnvrt@fp	PTR struct _IO_FILE size(2) Largest target is 11
		 -> sprintf@f(BANK0[11]), 

    vfprintf@ap	PTR PTR void  size(1) Largest target is 1
		 -> sprintf@ap(BANK0[1]), 

    vfprintf@cfmt	PTR unsigned char  size(1) Largest target is 25
		 -> STR_1(CODE[20]), STR_2(CODE[25]), STR_3(CODE[12]), STR_4(CODE[15]), 
		 -> STR_6(CODE[13]), 

    vfprintf@fmt	PTR const unsigned char  size(1) Largest target is 25
		 -> STR_1(CODE[20]), STR_2(CODE[25]), STR_3(CODE[12]), STR_4(CODE[15]), 
		 -> STR_6(CODE[13]), 

    vfprintf@fp	PTR struct _IO_FILE size(2) Largest target is 11
		 -> sprintf@f(BANK0[11]), 


Critical Paths under _main in COMMON

    _main->_Lcd_Set_Cursor
    _displayPH->_Lcd_Set_Cursor
    _displayI->_Lcd_Set_Cursor
    _Lcd_Clear->_Lcd_Cmd
    _Inicializacoes->_Lcd_Init
    _Lcd_Init->_Lcd_Cmd
    _EmEspera->_Lcd_Set_Cursor
    _pad->_fputs
    _fputs->_fputc
    _read_prec_or_width->___wmul
    _ler_umidade->___lldiv
    _ler_ph->___lldiv
    ___lldiv->___lmul
    _Lcd_Write_String->_Lcd_Write_Char
    _Lcd_Write_Char->_Lcd_Port
    _Lcd_Set_Cursor->_Lcd_Cmd
    _Lcd_Cmd->_Lcd_Port

Critical Paths under _TrataInt in COMMON

    None.

Critical Paths under _main in BANK0

    _main->_EmEspera
    _displayPH->_sprintf
    _displayI->_sprintf
    _EmEspera->_sprintf
    _sprintf->_vfprintf
    _vfprintf->_vfpfcnvrt
    _vfpfcnvrt->_utoa
    _utoa->_pad
    _pad->_fputs
    _fputs->_fputc
    _ler_umidade->___lldiv
    _ler_ph->___lldiv
    ___lldiv->___lmul

Critical Paths under _TrataInt in BANK0

    None.

Critical Paths under _main in BANK1

    _main->_EmEspera

Critical Paths under _TrataInt in BANK1

    None.

Critical Paths under _main in BANK3

    None.

Critical Paths under _TrataInt in BANK3

    None.

Critical Paths under _main in BANK2

    None.

Critical Paths under _TrataInt in BANK2

    None.

Call Graph Tables:

 ---------------------------------------------------------------------------------
 (Depth) Function   	        Calls       Base Space   Used Autos Params    Refs
 ---------------------------------------------------------------------------------
 (0) _main                                                21    21      0   21972
                                             71 BANK0      3     3      0
                                             24 BANK1      2     2      0
                           _EmEspera
                     _Inicializacoes
                          _Lcd_Clear
                     _Lcd_Set_Cursor
                   _Lcd_Write_String
                           _displayI
                          _displayPH
                      _esperar_timer
                             _ler_ph
                        _ler_umidade
 ---------------------------------------------------------------------------------
 (1) _esperar_timer                                        2     0      2      52
                                              3 COMMON     2     0      2
 ---------------------------------------------------------------------------------
 (1) _displayPH                                           22    22      0    6385
                                              0 BANK1     22    22      0
                     _Lcd_Set_Cursor
                   _Lcd_Write_String
                            ___lwdiv
                            ___lwmod
                             _ler_ph
                            _sprintf
 ---------------------------------------------------------------------------------
 (1) _displayI                                            16    16      0    5805
                                              0 BANK1     16    16      0
                     _Lcd_Set_Cursor
                   _Lcd_Write_String
                        _ler_umidade
                            _sprintf
 ---------------------------------------------------------------------------------
 (1) _Lcd_Clear                                            0     0      0     235
                            _Lcd_Cmd
 ---------------------------------------------------------------------------------
 (1) _Inicializacoes                                       0     0      0     423
                           _Lcd_Init
 ---------------------------------------------------------------------------------
 (2) _Lcd_Init                                             2     2      0     423
                                              7 COMMON     2     2      0
                            _Lcd_Cmd
                           _Lcd_Port
 ---------------------------------------------------------------------------------
 (1) _EmEspera                                            27    27      0    6916
                                             68 BANK0      3     3      0
                                              0 BANK1     24    24      0
                     _Lcd_Set_Cursor
                   _Lcd_Write_String
                            ___lwdiv
                            ___lwmod
                             _ler_ph
                        _ler_umidade
                            _sprintf
 ---------------------------------------------------------------------------------
 (2) _sprintf                                             21    15      6    4007
                                             49 BANK0     19    13      6
                        _ler_umidade (ARG)
                           _vfprintf
 ---------------------------------------------------------------------------------
 (3) _vfprintf                                             5     1      4    3665
                                             44 BANK0      5     1      4
                          _vfpfcnvrt
 ---------------------------------------------------------------------------------
 (4) _vfpfcnvrt                                           13     9      4    3429
                                             32 BANK0     12     8      4
                              _fputc
                 _read_prec_or_width
                               _utoa
 ---------------------------------------------------------------------------------
 (5) _utoa                                                 9     5      4    1977
                                             23 BANK0      9     5      4
                            ___lwdiv
                            ___lwmod
                                _pad
 ---------------------------------------------------------------------------------
 (6) _pad                                                  8     3      5    1100
                                             15 BANK0      8     3      5
                              _fputc
                              _fputs
 ---------------------------------------------------------------------------------
 (7) _fputs                                                8     5      3     493
                                              7 COMMON     2     2      0
                                              9 BANK0      6     3      3
                              _fputc
 ---------------------------------------------------------------------------------
 (8) _fputc                                               13     9      4     341
                                              3 COMMON     4     0      4
                                              0 BANK0      9     9      0
                              _putch
 ---------------------------------------------------------------------------------
 (9) _putch                                                1     1      0       0
 ---------------------------------------------------------------------------------
 (6) ___lwmod                                              5     1      4     250
                                              3 COMMON     5     1      4
 ---------------------------------------------------------------------------------
 (6) ___lwdiv                                              7     3      4     259
                                              3 COMMON     4     0      4
                                              0 BANK0      3     3      0
 ---------------------------------------------------------------------------------
 (5) _read_prec_or_width                                   5     3      2     408
                                              0 BANK0      5     3      2
                             ___wmul
 ---------------------------------------------------------------------------------
 (6) ___wmul                                               6     2      4     142
                                              3 COMMON     6     2      4
 ---------------------------------------------------------------------------------
 (2) _ler_umidade                                          5     3      2     435
                                             21 BANK0      5     3      2
                            ___lldiv
                             ___lmul
 ---------------------------------------------------------------------------------
 (2) _ler_ph                                               5     3      2     435
                                             21 BANK0      5     3      2
                            ___lldiv
                             ___lmul
 ---------------------------------------------------------------------------------
 (3) ___lmul                                              13     5      8     148
                                              3 COMMON     5     5      0
                                              0 BANK0      8     0      8
 ---------------------------------------------------------------------------------
 (3) ___lldiv                                             14     6      8     253
                                              8 COMMON     1     1      0
                                              8 BANK0     13     5      8
                             ___lmul (ARG)
 ---------------------------------------------------------------------------------
 (2) _Lcd_Write_String                                     7     5      2     522
                                              0 BANK0      7     5      2
                     _Lcd_Write_Char
 ---------------------------------------------------------------------------------
 (3) _Lcd_Write_Char                                       4     4      0     356
                                              4 COMMON     4     4      0
                           _Lcd_Port
 ---------------------------------------------------------------------------------
 (2) _Lcd_Set_Cursor                                       6     5      1     699
                                              7 COMMON     2     1      1
                                              0 BANK0      4     4      0
                            _Lcd_Cmd
 ---------------------------------------------------------------------------------
 (3) _Lcd_Cmd                                              3     3      0     235
                                              4 COMMON     3     3      0
                           _Lcd_Port
 ---------------------------------------------------------------------------------
 (4) _Lcd_Port                                             1     1      0     188
                                              3 COMMON     1     1      0
 ---------------------------------------------------------------------------------
 Estimated maximum stack depth 9
 ---------------------------------------------------------------------------------
 (Depth) Function   	        Calls       Base Space   Used Autos Params    Refs
 ---------------------------------------------------------------------------------
 (10) _TrataInt                                            3     3      0       0
                                              0 COMMON     3     3      0
 ---------------------------------------------------------------------------------
 Estimated maximum stack depth 10
 ---------------------------------------------------------------------------------

 Call Graph Graphs:

 _main (ROOT)
   _EmEspera
     _Lcd_Set_Cursor
       _Lcd_Cmd
         _Lcd_Port
     _Lcd_Write_String
       _Lcd_Write_Char
         _Lcd_Port
     ___lwdiv
     ___lwmod
     _ler_ph
       ___lldiv
         ___lmul (ARG)
       ___lmul
     _ler_umidade
       ___lldiv
       ___lmul
     _sprintf
       _ler_umidade (ARG)
       _vfprintf (ARG)
         _vfpfcnvrt
           _fputc
             _putch
           _read_prec_or_width
             ___wmul
           _utoa
             ___lwdiv
             ___lwmod
             _pad
               _fputc
               _fputs
                 _fputc
   _Inicializacoes
     _Lcd_Init
       _Lcd_Cmd
       _Lcd_Port
   _Lcd_Clear
     _Lcd_Cmd
   _Lcd_Set_Cursor
   _Lcd_Write_String
   _displayI
     _Lcd_Set_Cursor
     _Lcd_Write_String
     _ler_umidade
     _sprintf
   _displayPH
     _Lcd_Set_Cursor
     _Lcd_Write_String
     ___lwdiv
     ___lwmod
     _ler_ph
     _sprintf
   _esperar_timer
   _ler_ph
   _ler_umidade

 _TrataInt (ROOT)

Address spaces:
Name               Size   Autos  Total    Usage
BITCOMMON           14      0       0      0.0%
BITBANK0            80      0       0      0.0%
BITBANK1            80      0       0      0.0%
BITBANK3            96      0       0      0.0%
BITBANK2            96      0       0      0.0%
COMMON              14      9      11     78.6%
BANK0               80     74      79     98.8%
BANK1               80     26      64     80.0%
BANK3               96      0       0      0.0%
BANK2               96      0       0      0.0%
STACK                0      0       0      0.0%
DATA                 0      0     154      0.0%


Microchip Technology PIC Macro Assembler V3.10 build 20250813170317 
Symbol Table                                                                                   Mon Nov 24 17:05:34 2025

               main@T_EXTRA 0314            main@T_ESTABILIZA 0310                           pc 0002  
             main@T_MISTURA 0312                          l60 0CA1                          l61 0CA7  
                        l62 0CA8                          l70 0C75                          l63 0CAE  
                        l64 0CAF                          l65 0CB5                          l73 02FB  
                        l82 07D0                          l67 0CB6                          l59 0C9E  
                        l91 0E89                          l85 0D56                          l79 0FFF  
                        fsr 0004         ___wmul@multiplicand 0075                         l122 0D8C  
                       l131 068F                         l140 0F29                         l125 056E  
                       l117 0C88                         l134 0F75                         l118 0C8F  
                       l311 0773                         l143 0F65                         l119 0C94  
                       l128 0F19                         l160 0078                         l137 0FB1  
                       l171 0194                         l163 0099                         l172 0109  
                       l156 002A                         l166 009E                         l167 00E2  
                       l159 0060                         l185 021F                         l186 0238  
                       l275 0D09                         l277 0D21                         l289 0ED1  
                       l555 0E43                         l804 0CD9                         l565 0DC4  
                       l816 060E                         l824 07FB                         l761 02EE  
                       l738 0CFC                         l827 07FC                         l771 070D  
                       l756 02B5                         l759 02DD                         l786 0403  
                       l779 029B                         l796 04B5                         l788 0409  
                       _RD2 0042                         _RD3 0043                         _RD4 0044  
                       _RD5 0045                         _RD6 0046                         _RD7 0047  
                       _pad 029C                         fsr0 0004                         indf 0000  
        ler_umidade@leitura 0038                        l2101 07D6                        l2111 0D03  
                      l2103 07E6                        l2113 0D10                        l2121 0E00  
                      l2105 07EE                        l2201 06D6                        l2115 0D17  
                      l2107 0CFD                        l2131 0E16                        l2123 0E04  
                      l2203 06DD                        l2211 06FB                        l2117 0D1D  
                      l2109 0CFF                        l2221 025C                        l2141 0E39  
                      l2133 0E1A                        l2125 0E0A                        l2205 06E3  
                      l2311 0C72                        l2303 0C5D                        l2223 026A  
                      l2215 0245                        l2135 0E2B                        l2127 0E0D  
                      l2143 0E3F                        l2151 0D96                        l2207 06E8  
                      l2241 0CB3                        l2233 0C96                        l2305 0C60  
                      l2401 0FED                        l2321 0D2E                        l2313 0D23  
                      l2225 0281                        l2217 0249                        l2137 0E31  
                      l2129 0E14                        l2161 0DB3                        l2153 0D9D  
                      l2209 06F5                        l2235 0C9A                        l2307 0C66  
                      l2403 0FEF                        l2331 0D4C                        l2323 0D3C  
                      l2315 0D25                        l2219 0258                        l2227 0286  
                      l2139 0E32                        l2163 0DBA                        l2155 0D9F  
                      l2147 0D8D                        l2091 0582                        l2171 02A2  
                      l2251 03FF                        l2243 03E0                        l2411 077A  
                      l2237 0CA5                        l2309 0C69                        l2405 0FF1  
                      l2333 0D4F                        l2325 0D3F                        l2317 0D27  
                      l2421 0E49                        l2341 0E98                        l2229 0297  
                      l2157 0DA3                        l2149 0D93                        l2165 0DC0  
                      l2093 059C                        l2085 056F                        l2181 02CF  
                      l2173 02AD                        l2261 041E                        l2253 0404  
                      l2245 03F1                        l2413 0783                        l2501 0D64  
                      l2239 0CAC                        l2407 0FF7                        l2335 0D53  
                      l2327 0D43                        l2319 0D2B                        l2423 0E65  
                      l2351 070E                        l2343 0EAF                        l2431 0F72  
                      l2159 0DAD                        l2095 05CE                        l2087 0575  
                      l2183 02E3                        l2175 02B3                        l2191 06A0  
                      l2271 043C                        l2263 042D                        l2247 03F5  
                      l2415 0791                        l2511 0D6B                        l2503 0D65  
                      l2329 0D46                        l2425 0E6D                        l2361 073B  
                      l2353 0720                        l2345 0EB8                        l2337 0E8A  
                      l2433 0F79                        l2089 057B                        l2177 02B8  
                      l2169 029C                        l2193 06A6                        l2185 0690  
                      l2273 0448                        l2265 0431                        l2257 040C  
                      l2249 03F9                        l2441 0CDE                        l2417 0797  
                      l2409 0774                        l2521 0D74                        l2513 0D6C  
                      l2505 0D66                        l2601 006E                        l2419 0E44  
                      l2363 074D                        l2355 0723                        l2371 076B  
                      l2347 0EC9                        l2339 0E92                        l2435 0F81  
                      l2427 0F66                        l2099 07D1                        l2179 02C7  
                      l2195 06BA                        l2187 0694                        l2283 0469  
                      l2275 0455                        l2267 0432                        l2259 0419  
                      l2443 0CE2                        l2531 0D7B                        l2523 0D75  
                      l2515 0D6E                        l2507 0D67                        l2611 0093  
                      l2603 0074                        l2365 075B                        l2357 072E  
                      l2461 0F35                        l2453 0F1A                        l2429 0F6B  
                      l2197 06BD                        l2189 069C                        l2293 0494  
                      l2277 045B                        l2285 0474                        l2269 0437  
                      l2381 0CD7                        l2445 0CE4                        l2541 04B6  
                      l2533 0D82                        l2525 0D76                        l2517 0D70  
                      l2509 0D6A                        l2621 00CA                        l2605 0079  
                      l2391 0FC9                        l2367 075C                        l2359 0732  
                      l2455 0F1F                        l2199 06C3                        l2287 0482  
                      l2375 0CB7                        l2447 0CE6                        l2439 0CDA  
                      l2551 0515                        l2543 04C7                        l2535 0D83  
                      l2527 0D77                        l2519 0D71                        l2471 0C7E  
                      l2631 0103                        l2623 00CD                        l2615 009F  
                      l2607 007E                        l2393 0FCB                        l2385 0FB5  
                      l2369 0765                        l2457 0F26                        l2289 0486  
                      l2297 049C                        l2377 0CBC                        l2449 0CF3  
                      l2553 0528                        l2545 04DE                        l2537 0D88  
                      l2529 0D7A                        l2465 02EF                        l2561 0EDD  
                      l2481 0C92                        l2473 0C80                        l2641 0130  
                      l2633 010A                        l2617 00AC                        l2625 00DC  
                      l2609 0083                        l2395 0FD1                        l2387 0FBA  
                      l2459 0F2D                        l2379 0CC9                        l2555 0553  
                      l2547 04F1                        l2539 0D8B                        l2491 0D5F  
                      l2483 0D57                        l2563 0EE5                        l2571 0617  
                      l2475 0C84                        l2467 0C76                        l2651 0158  
                      l2643 013A                        l2635 010F                        l2619 00B7  
                      l2627 00E3                        l2389 0FC7                        l2397 0FDA  
                      l2557 055E                        l2549 0502                        l2493 0D60  
                      l2485 0D5B                        l2565 0EF0                        l2581 0684  
                      l2573 0622                        l2477 0C86                        l2469 0C7C  
                      l2661 0188                        l2653 0168                        l2645 0143  
                      l2637 011F                        l2629 00F3                        l2399 0FE0  
                      l2495 0D61                        l2487 0D5D                        l2567 0F06  
                      l2559 0ED2                        l2575 0633                        l2479 0C89  
                      l2671 01DD                        l2663 01A4                        l2655 0172  
                      l2639 0120                        l2647 0147                        l2591 0031  
                      l2497 0D62                        l2489 0D5E                        l2577 0646  
                      l2569 060F                        l2681 020F                        l2673 01E5  
                      l2657 017B                        l2649 0157                        l2665 01B4  
                      l2593 003E                        l2499 0D63                        l2579 067C  
                      l2691 0228                        l2675 01F0                        l2683 0213  
                      l2667 01CA                        l2659 017E                        l2595 0049  
                      l2587 0025                        l2693 0239                        l2677 0203  
                      l2669 01D2                        l2597 005C                        l2589 002B  
                      ?_pad 002F                        l2695 023C                        l2687 0220  
                      l2679 0206                        l2599 0064                        l2689 0225  
                      STR_1 0331                        STR_2 0318                        STR_3 03D4  
                      STR_4 03AB                        STR_5 038B                        STR_6 03BA  
                      STR_7 03C7                        STR_8 037A                        STR_9 0369  
                      u2010 0DC0                        u2011 0DBF                        u2020 02A2  
                      u2100 06FB                        u2005 0DB4                        u2021 02A1  
                      u2101 06FA                        u2110 0258                        u2030 02B3  
                      u2111 0257                        u2031 02B2                        u2120 0297  
                      u2040 02DD                        u2200 0448                        u2121 0296  
                      u2041 02DC                        u2201 0447                        u2130 0C9A  
                      u2050 02E3                        u2210 0482                        u2131 0C99  
                      u2051 02E2                        u2211 0481                        u2140 0CA5  
                      u2300 0732                        u2060 06DD                        u2141 0CA4  
                      u2301 0731                        u2045 02D9                        u2061 06DC  
                      u2150 0CAC                        u2230 0E98                        u2070 06E3  
                      u2151 0CAB                        u2231 0E97                        u2071 06E2  
                      u2160 0CB3                        u2400 0E53                        u2320 074D  
                      u2080 06E8                        u2161 0CB2                        u2225 0D31  
                      u2321 074C                        u2241 0EA1                        u2081 06E7  
                      u2410 0E77                        u2242 0EA8                        u2090 06F5  
                      u2170 03F1                        u2315 0734                        u2243 0EAF  
                      u2091 06F4                        u2171 03F0                        u2420 0E89  
                      u2340 076B                        u2180 041E                        u2500 0099  
                      u2421 0E88                        u2341 076A                        u2325 0749  
                      u2181 041D                        u2501 0098                        u2270 0EC9  
                      u2430 0F79                        u2190 0431                        u2350 0CD7  
                      u2510 009D                        u2335 075D                        u2271 0EC8  
                      u2255 0EB1                        u2431 0F78                        u2095 06F1  
                      u2191 0430                        u2351 0CD6                        u2511 009C  
                      u2360 0FBA                        u2280 0720                        u2440 0F2D  
                      u1800 057B                        u2600 01B4                        u2520 00E2  
                      u2361 0FB9                        u2281 071F                        u2265 0EB9  
                      u2441 0F2C                        u1801 057A                        u2601 01B3  
                      u2521 00E1                        u1810 059C                        u2450 0C8F  
                      u2610 01D2                        u2530 00F3                        u1811 059B  
                      u2451 0C8E                        u2611 01D1                        u2531 00F2  
                      u2380 0FE0                        u1820 05CE                        u2620 01DD  
                      u2540 0103                        u2460 0031                        u2381 0FDF  
                      u1821 05CD                        u2621 01DC                        u2541 0102  
                      u2461 0030                        u1910 0E1A                        u1830 05F1  
                      u2630 021E                        u2550 011F                        u2470 0074  
                      u2375 0FC0                        u2295 0725                        u1911 0E19  
                      u2631 021D                        u2551 011E                        u2471 0073  
                      u1840 07FB                        u2640 0238                        u2560 0130  
                      u2480 0078                        u1905 0E0E                        u1825 05CA  
                      u1841 07FA                        u2641 0237                        u2561 012F  
                      u2481 0077                        u1850 0D03                        u1930 0E2B  
                      u2570 0157                        u2490 0093                        u2395 0FE6  
                      u1851 0D02                        u1931 0E2A                        u2707 0566  
                      u2571 0156                        u2491 0092                        u2580 0168  
                      u2717 0F6F                        u1925 0E1B                        u2581 0167  
                      u1950 0E3F                        u1790 0575                        u2590 01A4  
                      u2727 0F23                        u1951 0E3E                        u1935 0E27  
                      u1791 0574                        u2591 01A3                        u1880 0D1D  
                      u1960 0D93                        u2737 0D41                        u1881 0D1C  
                      u1865 0D0A                        u1945 0E33                        u1961 0D92  
                      u2657 006A                        u1890 0E0A                        u2747 0D51  
                      u1875 0D11                        u1891 0E09                        u2667 00D5  
                      u1980 0DA3                        u2757 0C6D                        u1981 0DA2  
                      u2677 077E                        u1990 0DAD                        u1991 0DAC  
                      u1975 0D97                        u2687 078D                        u2697 079B  
                      u1995 0DA9              _Inicializacoes 0D57           ?_Lcd_Write_String 0020  
                      _dbuf 00A6                        _main 0025                        _prec 00A0  
                      pad@i 0035                        pad@p 0032                        btemp 007E  
                      _utoa 0690                        start 000C          ??_Lcd_Write_String 0022  
           __end_of_Lcd_Cmd 0C76                       ??_pad 0034                ?_ler_umidade 0035  
                     ?_main 0070                       STR_10 0345                       STR_11 039B  
                     STR_12 0358             __end_of___lldiv 0774                       ?_utoa 0037  
           __end_of___lwdiv 0E44                       i1l113 0DF9             __end_of___lwmod 0DC5  
              vfpfcnvrt@fmt 0042                       _TMR1H 000F                       _TMR1L 000E  
                     _PORTC 0007                       _PORTD 0008                       _TRISB 0086  
                     _TRISC 0087                       _TRISD 0088         ___lmul@multiplicand 0024  
                     _flags 006E                       _conta 00A4         read_prec_or_width@c 0022  
       read_prec_or_width@n 0023                       _fputc 056F                       _fputs 07D1  
                     _tempo 00A2                       btemp0 007E      __end_of_Inicializacoes 0D8D  
                     pad@fp 002F                       btemp1 007F                       _width 006A  
                     _putch 07FC                       pclath 000A            __end_of_EmEspera 056F  
                     utoa@d 0039                       utoa@i 003E                       utoa@p 003B  
                     utoa@w 003C                       status 0003                       wtemp0 007E  
           __end_of_sprintf 0CFD            __end_of_Lcd_Init 07D1            __end_of_Lcd_Port 0CB7  
           __initialization 000F                __end_of_main 0245                __end_of_utoa 070E  
                    ??_main 0067                      ??_utoa 0079  __end_of_read_prec_or_width 029C  
          __end_of_TrataInt 0E00                      ?_fputc 0073                      ?_fputs 0029  
                    _ADRESH 001E                      _ADRESL 009E                      ?_putch 0070  
           ?_Inicializacoes 0070                      i1l1961 0DC9                      i1l1971 0DF1  
                    i1l1963 0DCA                      i1l1973 0DF5                      i1l1965 0DD0  
                    i1l1967 0DD6                      i1l1959 0DC5                      i1l1969 0DDB  
                    u157_20 0DC9                      u157_21 0DC8                      u158_20 0DD6  
                    u158_21 0DD5                      u159_20 0DF1                      u159_21 0DF0  
                    u159_25 0DED                   ??_Lcd_Cmd 0074               vfpfcnvrt@done 004A  
              vfprintf@cfmt 0050            __end_of_displayI 0F1A                      ___lmul 0E8A  
                    ___wmul 0CFD                   ??___lldiv 0078                   ??___lwdiv 0077  
                 ??___lwmod 0077                      _ler_ph 0F1A        read_prec_or_width@ap 0021  
                    pad@buf 0031                      fputc@c 0073                      fputs@c 002C  
                    fputs@i 002D                      fputs@s 0029                      ltemp0a 0080  
                    saved_w 007E                      putch@c 0070                      ttemp0a 007F  
          __end_of_vfprintf 0CDA                      utoa@fp 0037                   ??_sprintf 0057  
                    wtemp0a 007F    __end_ofmain@T_ESTABILIZA 0312             Lcd_Set_Cursor@a 0020  
           Lcd_Set_Cursor@b 0077             Lcd_Set_Cursor@y 0022             Lcd_Set_Cursor@z 0021  
   __end_of__initialization 0021               _EmEspera$1225 00D8               _EmEspera$1226 00DA  
         __end_of_Lcd_Clear 02FC               _esperar_timer 0C76              __pcstackCOMMON 0070  
             __end_of_fputc 060F               __end_of_fputs 07FC               __end_of_putch 07FD  
            _Lcd_Set_Cursor 0FB2                   ?_EmEspera 0070              _OPTION_REGbits 0081  
                 ?_Lcd_Init 0070                   ?_Lcd_Port 0070                     ??_fputc 0020  
                   ??_fputs 0077                     ??_putch 0073                  __pbssBANK0 006A  
                __pbssBANK1 00A0              ?_esperar_timer 0073                  __pmaintext 0025  
                   ?___lmul 0020                     ?___wmul 0073                   ?_TrataInt 0070  
                __pintentry 0004                     ?_ler_ph 0035              ___lmul@product 0074  
    __end_of_Lcd_Set_Cursor 1000                  ??_EmEspera 0064  esperar_timer@slots_de_0_5s 0073  
                ??_Lcd_Init 0077                  ??_Lcd_Port 0073              displayI@buffer 00C6  
                 ?_displayI 0070                  __stringtab 0300              _Lcd_Write_Char 0D22  
                   _Lcd_Cmd 0C5C           __end_of_displayPH 0690                  ??_TrataInt 0070  
                   ___lldiv 070E                EmEspera@umid 00D6                     ___lwdiv 0E00  
                   ___lwmod 0D8D                   ?_vfprintf 004C             ?_Lcd_Set_Cursor 0077  
                   __ptext1 0C76                     __ptext2 060F                     __ptext3 0ED2  
                   __ptext4 02EF                     __ptext5 0D57                     __ptext6 0774  
                   __ptext7 04B6                     __ptext8 0CDA                     __ptext9 0CB7  
                 _T1CONbits 0010       read_prec_or_width@fmt 0020            ??_Inicializacoes 0079  
                   _sprintf 0CDA                     clrloop0 0C55      __end_of_Lcd_Write_Char 0D57  
                ??_displayI 0079        end_of_initialization 0021                     fputc@fp 0075  
                   fputs@fp 002A             ??_esperar_timer 0075          _read_prec_or_width 0245  
           ___lldiv@divisor 0028             ___lldiv@counter 0034           __end_of_vfpfcnvrt 04B6  
       ?_read_prec_or_width 0020            vfpfcnvrt@convarg 0046                   Lcd_Port@a 0073  
                ??_vfprintf 0079                   _PORTBbits 0006                   _PORTCbits 0007  
      ??_read_prec_or_width 0079             ?_Lcd_Write_Char 0070           Lcd_Write_String@a 0020  
         Lcd_Write_String@i 0025                  displayPH@p 00DA                   _Lcd_Clear 02EF  
     __end_ofmain@T_MISTURA 0314              __end_of___lmul 0ED2                 vfpfcnvrt@ap 0043  
               vfpfcnvrt@cp 004B                 vfpfcnvrt@fp 0040              __end_of___wmul 0D22  
          _Lcd_Write_String 0E44              __end_of_ler_ph 0F66         start_initialization 000F  
               __end_of_pad 02EF                 vfprintf@fmt 004E                  ?_Lcd_Clear 0070  
                  ??___lmul 0073                    ??___wmul 0077                    ??_ler_ph 0037  
           Lcd_Write_Char@a 0077             Lcd_Write_Char@y 0076               ??_ler_umidade 0037  
               __pbssCOMMON 0079              EmEspera@buffer 00C6                   ___latbits 0002  
             __pcstackBANK0 0020               __pcstackBANK1 00C6              EmEspera@ph_val 00DC  
                  ?_Lcd_Cmd 0070            ___lwdiv@dividend 0075           main@umidade_atual 00DE  
          ??_Lcd_Set_Cursor 0078                    ?___lldiv 0028                    ?___lwdiv 0073  
                  ?___lwmod 0073                   _flagirrig 006C                   _flagtimer 0079  
             ler_ph@leitura 0038                   __pstrings 0300                   _displayPH 060F  
       __end_of_ler_umidade 0FB2            ___lwdiv@quotient 0021                    ?_sprintf 0051  
         interrupt_function 0004              ___wmul@product 0077                   clear_ram0 0C54  
                  _PIE1bits 008C                    Lcd_Cmd@a 0076                    _PIR1bits 000C  
               ??_Lcd_Clear 0077                   _vfpfcnvrt 03E0                  ?_displayPH 0070  
                _ADCON0bits 001F                 __stringbase 030F                  _ADCON1bits 009F  
         ___wmul@multiplier 0073             displayPH@buffer 00C6                    _EmEspera 04B6  
          ??_Lcd_Write_Char 0074        __end_ofmain@T_PADRAO 0318                    _Lcd_Init 0774  
                  _Lcd_Port 0C95           ___lmul@multiplier 0020    __end_of_Lcd_Write_String 0E8A  
     __end_of_esperar_timer 0C95                  vfprintf@ap 004F                  vfprintf@fp 004C  
                  _TrataInt 0DC5                  ?_vfpfcnvrt 0040                 _ler_umidade 0F66  
        __end_of__stringtab 0310                  sprintf@fmt 0052             ___lwdiv@divisor 0073  
           ___lwdiv@counter 0020                    __ptext10 03E0                    __ptext11 0690  
                  __ptext20 0F66                    __ptext12 029C                    __ptext21 0F1A  
                  __ptext13 07D1                    __ptext22 0E8A                    __ptext14 056F  
                  __ptext23 070E                    __ptext15 07FC                    __ptext24 0E44  
                  __ptext16 0D8D                    __ptext25 0D22                    __ptext17 0E00  
                  __ptext26 0FB2                    __ptext18 0245                    __ptext27 0C5C  
                  __ptext19 0CFD                    __ptext28 0C95                    __ptext29 0DC5  
                  _displayI 0ED2                    _vfprintf 0CB7         __end_ofmain@T_EXTRA 0316  
               ??_displayPH 0079                  _INTCONbits 000B              _displayPH$1227 00D6  
            _displayPH$1228 00D8          Lcd_Write_Char@temp 0075                    intlevel1 0000  
                 sprintf@ap 0058            ___lwmod@dividend 0075            ___lldiv@dividend 002C  
                 stringcode 030A                 ??_vfpfcnvrt 0044          Lcd_Set_Cursor@temp 0023  
                  sprintf@f 0059                    sprintf@s 0051            ___lldiv@quotient 0030  
           ___lwmod@divisor 0073             ___lwmod@counter 0077                    stringdir 030A  
                  stringtab 0300                main@T_PADRAO 0316  
